ASIN,SKU,製品概要,ブランド,タイトル,タイトルリンク,URL,メイン画像,親ASIN,カテゴリー,親カテゴリー,親カテゴリーBSR,親カテゴリーBSR増加数,親カテゴリーBSR成長率,子カテゴリー,子カテゴリーBSR,月間販売数,月間販売数成長率,月間販売額(￥),子ASIN販売数,子ASIN販売額(￥),バリエーション数,価格(￥),prime価格(￥),Coupon,Q&A,評価数,月間評価値増加数,評価値,評価率,FBA(￥),粗利益,等級,出品日付,販売時間,配送方法,配送料金(￥),LQS,セラー数,BuyBoxセラー,BuyBoxタイプ,セラー所在地,セラー情報,セラーリンク,Best Sellerマーク,スポンサー,ブランド紹介,スポンサー ブランド,タイムセール,Amazon's Choice,New Releaseマーク,A+ページ,動画紹介,ACキーワード,重量,重量.1,体積,体積.1
B07YHRRD1J,サイズ: セミダブル・120×200cm | 色: ホワイト,商品の寸法:2長さ x 1.2幅 m | 色:ホワイト | 材質:ポリエステル | サイズ:セミダブル・120×200cm | パターン:無地,STWIENER,"ボックスシーツ 吸水速乾 シーツ ベッドカバー マットレスカバー 抗菌・防臭 (セミダブル・120×200cm, ホワイト) 厚さ5 cm～30 cmのマットレスに適しています",https://www.amazon.co.jp/s?k=STWIENER,https://www.amazon.co.jp/dp/B07YHRRD1J,https://m.media-amazon.com/images/I/516OyyVFUML._AC_US600_.jpg,B0BF9LZ4YV,ホーム＆キッチン:寝具:寝具カバー・シーツ:ボックスシーツ,ホーム＆キッチン,38,14,0.27,ボックスシーツ,1,"17,085",,"35,844,328","1,000 ","2,098,000 ",25,"2,098.00",,,4.0,"11,255",197.0,4.1,1.15%,465.00,63%,,2019-09-23,"1,772 ",FBA,,9.0,1.0,shengweina,FBA,CN,"会社名：fengqiuhuang
電話番号：+8613758215149
オフィス住所：
nantongshichongchuanquqingnianzhonglu77-1
杭州市
浙江省
310016
CN
マネージャー：weinajiafang",https://www.amazon.co.jp/gp/help/seller/at-a-glance.html/ref=dp_merchant_link?seller=A17VA8LSUYS26D,,,,,,Y,,Y,N,セミダブル ボックスシーツ,0.45 キログラム,,200 x 120 x 0 cm,200.00 x 120.00 x 0.00 cm
B07GF6YCKR,サイズ: セミダブル（120*197*3cm） | 色: ホワイト,商品の寸法:47長さ x 80幅 x 1.2厚み cm | レイヤー数:1 | 商品の重量:3.62 キログラム | トップスタイル:平滑顶部 | 中身の素材:记忆海绵 | 特徴:可拆卸护套 | サイズ:セミダブル（120*197*3cm） | カバーの素材:ポリエステル | ブランド:MyeFoam | 商品の硬さ:硬い,MyeFoam,MyeFoam マットレス 高反発 セミダブル 敷布団 硬さ180N 腰の悩みから解放 ベットマットレス 寝返りサポート 防ダニ 抗菌防臭加工マットレス 厚さ3cm カバー洗える 収納袋付き,https://www.amazon.co.jp/s?k=MyeFoam,https://www.amazon.co.jp/dp/B07GF6YCKR,https://m.media-amazon.com/images/I/61mAsLEGg-L._AC_US600_.jpg,B0F2BCDRM7,ホーム＆キッチン:家具:ベッドルーム家具:マットレス・パッド:ベッドマットレス,ホーム＆キッチン,144,24,0.14,折りたたみマットレス,1,"10,156",70%,"74,516,704",300 ,"2,274,000 ",16,"7,580.00",,,145.0,"9,512",178.0,4.1,1.75%,975.00,70%,,2018-08-16,"2,175 ",FBA,,9.0,2.0,MyeFoam,FBA,CN,"会社名：shenzhenshi hengyongli dianzishangwuyouxiangongsi
電話番号：+8615915415887
オフィス住所：
longhuaxinqu longhuajiedao yousong shequ donghuan
yilu hengfengxiaoqu erdong901
shenzhen
guangdong
518109
CN
マネージャー：zhang cai xia",https://www.amazon.co.jp/gp/help/seller/at-a-glance.html/ref=dp_merchant_link?seller=A2DDYUKM0L0XYG,Y,,,,,Y,,Y,Y,敷布団,3.62 kg,3.62 kg,47 x 80 x 1.2 cm,47.00 x 80.00 x 1.20 cm
B08F9Z16VD,サイズ: シングル | 色: ホワイト×ブラック | スタイル: 単品,"商品の寸法:195長さ x 97幅 x 20厚み cm | 商品の重量:15.2 キログラム | 色:ホワイト×ブラック | コイルタイプ:ポケットコイル | トップスタイル:タイトトップ | 中身の素材:不織布, ウレタンフォーム | 特徴:ダニ対策, 抗菌, プレッシャーリリーフ | サイズ:シングル | ブランド:アイリスプラザ(IRIS PLAZA) | 商品の硬さ:やや硬い",アイリスプラザ(IRIS PLAZA),アイリスプラザ 高密度ポケットコイルマットレス 身体の負担を軽減 独立コイル528個 極厚20cm 表面さらっと しっかり硬め らくらく設置 圧縮梱包でお届け シングル ホワイト×ブラック PKMTN-S,https://www.amazon.co.jp/s?k=アイリスプラザ(IRIS PLAZA),https://www.amazon.co.jp/dp/B08F9Z16VD,https://m.media-amazon.com/images/I/51+UA-gxYNS._AC_US600_.jpg,B0D66Z91WS,ホーム＆キッチン:家具:ベッドルーム家具:マットレス・パッド:ベッドマットレス,ホーム＆キッチン,170,106,0.38,ベッドマットレス,1,"9,433",,"83,391,872","4,000 ","32,320,000 ",18,"8,080.00",,,31.0,"10,033",170.0,4.2,1.80%,"1,100.00",71%,,2020-08-04,"1,456 ",AMZ,,9.0,1.0,Amazon,AMZ,,,,Y,,,,,,,Y,Y,,15.2 kg,15.20 kg,195 x 97 x 20 cm,195.00 x 97.00 x 20.00 cm
B0C5MRYJBD,サイズ: クイーン・160*200cm | 色: ライトグレー,"色:ライトグレー | 素材構成:polyester, ポリエステル | 材質:ポリエステル | サイズ:クイーン・160*200cm | パターン:無地",HEVUMYI,"HEVUMYI ボックスシーツ 吸水速乾シーツ 厚さ5~30cmのマットレスに適用 （クイーン,160×200cm） ベッドシーツ 抗菌防臭マットレスカバー 洗えるベッドカバー 着脱簡単布団シーツ 敷き布団カバー 防ダニマットレスシーツ 柔らかな触感 ライトグレー",https://www.amazon.co.jp/s?k=HEVUMYI,https://www.amazon.co.jp/dp/B0C5MRYJBD,https://m.media-amazon.com/images/I/61pd3NYr43L._AC_US600_.jpg,B0C5MHQYQQ,ホーム＆キッチン:寝具:寝具カバー・シーツ:ボックスシーツ,ホーム＆キッチン,140,48,0.26,ボックスシーツ,2,"7,921",,"16,098,799",,,52,"1,310.00",,,,867,91.0,4.1,1.15%,318.00,61%,,2023-05-17,440 ,FBA,,9.0,1.0,USIDA,FBA,CN,"会社名：NANJING USHIDA INTERNATIONAL TRADE CO., LTD
電話番号：+8615380421503
オフィス住所：
古雄街道新林大道7号
金域华府501-54号
南京市
雨花台区
江苏省
210000
CN
マネージャー：Songqun Gao",https://www.amazon.co.jp/gp/help/seller/at-a-glance.html/ref=dp_merchant_link?seller=A2SEKRY5SWE2TO,,,,,,,,Y,N,,630 g,630.00 g,200 x 160 x 0 cm,200.00 x 160.00 x 0.00 cm
B0CYZ9F34S,サイズ: ダブル | 色: ホワイト,色:ホワイト | サイズ:ダブル | 材質:コットン | ブランド:fuwawa | メーカー:fuwawa,fuwawa,fuwawa 敷きパッド ダブル 綿100％ タオル地 オールシーズン【帝人マイティトップII中綿使用】ベッドパッド パイル地 さらさら 吸湿速乾 抗菌防臭 防ダニ 四隅に強化ゴム付き マットレスパッド 洗える 140x200cm 無地 ホワイト,https://www.amazon.co.jp/s?k=fuwawa,https://www.amazon.co.jp/dp/B0CYZ9F34S,https://m.media-amazon.com/images/I/61pTErgifML._AC_US600_.jpg,B0C4NX3BDW,ホーム＆キッチン:寝具:ベッドパッド・敷きパッド,ホーム＆キッチン,466,-194,-0.71,ベッドパッド・敷きパッド,5,"7,704",,"25,982,048",50 ,"159,000 ",28,"3,180.00",,,,990,66.0,4.0,0.86%,514.00,71%,,2024-03-24,128 ,FBA,,10.0,1.0,fuwawa寝具の専門店,FBA,JP,"会社名：サンリビング株式会社
オフィス住所：
葵2丁目3－15 ふぁみーゆ葵ビル9階902
名古屋市東区
愛知県
4610004
JP
マネージャー：橋本直人",https://www.amazon.co.jp/gp/help/seller/at-a-glance.html/ref=dp_merchant_link?seller=A3R33BFZDG96X4,,,,,,,,,N,,0.9 キログラム,,200 x 140 x 1 cm,200.00 x 140.00 x 1.00 cm
B09N96RM8R,サイズ: ダブル | 色: グレー(メッシュ),商品の寸法:195長さ x 140幅 x 10厚み cm | 商品の重量:8.5 キログラム | 色:グレー(メッシュ) | トップスタイル:スムーストップ | 中身の素材:高反発ウレタンフォーム | 特徴:折り畳み式 | サイズ:ダブル | ブランド:タンスのゲン | 対象年齢:大人 | 商品の硬さ:やや硬い,タンスのゲン,タンスのゲン マットレス ダブル 厚さ10cm 「純」高反発(R) 密度25D 硬さ190N 三つ折り 洗える カバー付き 敷布団 高反発マットレス 折りたたみ メッシュ グレー 13810093 07 (78607),https://www.amazon.co.jp/s?k=タンスのゲン,https://www.amazon.co.jp/dp/B09N96RM8R,https://m.media-amazon.com/images/I/61Aj9POEMwL._AC_US600_.jpg,B0F3XKCM1N,ホーム＆キッチン:寝具:折りたたみマットレス,ホーム＆キッチン,54,76,0.32,折りたたみマットレス,1,"7,692",34%,"84,604,304",50 ,"549,950 ",36,"10,999.00",,,,"7,670",123.0,4.2,1.60%,"1,100.00",74%,,2021-12-06,967 ,FBA,,9.0,1.0,タンスのゲン【全品対象SALE開催中！4/16(水)09:00～4/21(月)23:59】,FBA,JP,"会社名：タンスのゲン株式会社
電話番号：0570-020-715
オフィス住所：
大字下林３１０－３
大川市
福岡県
8310002
JP
マネージャー：西恭太朗",https://www.amazon.co.jp/gp/help/seller/at-a-glance.html/ref=dp_merchant_link?seller=A2HFMFYMUGEGD,Y,,,,,Y,,Y,N,マットレス シングル,8.5 kg,8.50 kg,195 x 140 x 10 cm,195.00 x 140.00 x 10.00 cm
B07RHBWYXR,サイズ: クイーン・160X200cm | 色: オリーブ,色:オリーブ | 素材構成:コットン100% | 材質:コットン | サイズ:クイーン・160X200cm | パターン:無地,クモリ(Kumori),クモリ(Kumori) ボックスシーツ 綿100% 毛玉なし クイーン 素肌にやさしい 吸水速乾 耐久性が高い 洗える オールシーズン ベッド/マットレス/敷き布団対応 マットレスカバー ベッドカバー ベッドシーツ(クイーン・160X200cm オリーブ),https://www.amazon.co.jp/s?k=クモリ(Kumori),https://www.amazon.co.jp/dp/B07RHBWYXR,https://m.media-amazon.com/images/I/61QL0+FT+ML._AC_US600_.jpg,B084QVSDWR,ホーム＆キッチン:寝具:寝具カバー・シーツ:ボックスシーツ,ホーム＆キッチン,242,11,0.04,ボックスシーツ,3,"6,110",,"17,976,048",50 ,"149,000 ",54,"2,980.00",,,30.0,"9,516",64.0,4.0,1.05%,514.00,68%,,2019-05-16,"1,902 ",AMZ,,9.0,1.0,Amazon,AMZ,,,,,,,,,,,Y,Y,,0.67 キログラム,,200 x 160 x 0 cm,200.00 x 160.00 x 0.00 cm
B07PYV7MGM,サイズ: セミダブル | 色: ホワイト | スタイル: 15cm,商品の寸法:195長さ x 120幅 x 15厚み cm | 商品の重量:21.88 キログラム | 色:ホワイト | コイルタイプ:ポケットコイル | トップスタイル:タイトトップ | 中身の素材:高密度フォーム | 特徴:個 | サイズ:セミダブル | ブランド:Zinus | 商品の硬さ:とても硬い,Zinus,ZINUS ポケットコイル マットレス セミダブル 厚さ 15cm Classic コイル数570個 通気性 体圧分散 高密度フォーム かため 硬め 天然由来成分 高耐久 | 圧縮梱包 ベッド 一人暮らし ジヌス | 日本正規品 DST,https://www.amazon.co.jp/s?k=Zinus,https://www.amazon.co.jp/dp/B07PYV7MGM,https://m.media-amazon.com/images/I/619OfDmRa6L._AC_US600_.jpg,B0CV3LMC7B,ホーム＆キッチン:家具:ベッドルーム家具:マットレス・パッド:ベッドマットレス,ホーム＆キッチン,462,33,0.07,ベッドマットレス,2,"4,323",,"42,644,316",50 ,"459,600 ",20,"9,192.00",,,75.0,"1,451",68.0,4.3,1.57%,"1,756.00",66%,,2019-03-31,"1,948 ",AMZ,,9.0,1.0,Amazon,AMZ,,,,,,,,,,,Y,Y,,21.88 kg,21.88 kg,195 x 122 x 15 cm,195.00 x 122.00 x 15.00 cm
B0BPSKCGX4,サイズ: ダブル~クイーン兼用 | 色: アイボリー,"色:アイボリー | 素材構成:ポリウレタン混,ゴム,ポリエステル | 材質:ポリエステル | サイズ:ダブル~クイーン兼用 | パターン:無地",LuckinSleep,【超ソフト・弾力UP】ボックスシーツ ダブル~クイーン兼用 のびのびシーツ ぴったり フィットシーツ ベッドシーツ マットレス・敷ふとん兼用 ベッドカバー マットレスカバー オールシーズン 吸水速乾 抗菌防臭 通気性 着脱簡単 アイボリー LuckinSleep,https://www.amazon.co.jp/s?k=LuckinSleep,https://www.amazon.co.jp/dp/B0BPSKCGX4,https://m.media-amazon.com/images/I/71ojr09556L._AC_US600_.jpg,B0C2M2X334,ホーム＆キッチン:寝具:寝具カバー・シーツ:ボックスシーツ,ホーム＆キッチン,633,-322,-1.04,ボックスシーツ,8,"4,034",,"9,407,773",200 ,"494,000 ",20,"2,470.00",,,,865,59.0,4.4,1.46%,485.00,65%,,2022-12-11,597 ,FBA,,9.0,1.0,LUCKINSLEEP,FBA,CN,"会社名：qingdaoSLFZyouxiangongsi
オフィス住所：
HUANBAOCHANYEYUANSANHUANLU8HAO
QINGDAOSHI
SHANDONGSHENG
266200
CN
マネージャー：LUCKINSLEEP",https://www.amazon.co.jp/gp/help/seller/at-a-glance.html/ref=dp_merchant_link?seller=A3MFTHD4DAJIVP,,,,,,,,Y,Y,,620 g,620.00 g,180 x 110 x 0 cm,180.00 x 110.00 x 0.00 cm
B0BYJHMVZC,サイズ: シングル | 色: グレー,"色:グレー | 素材構成:ポリエステル | 特徴:洗える, 抗ピル, 発散性, 抗菌, 調整可能 | サイズ:シングル | ブランド:Zdeysun",Zdeysun,Zdeysun 敷きパッド シングル TEIJIN（帝人）マイティトップⅡ中綿 洗える ベッドパッド オールシーズン さわやか 抗菌 防臭 防ダニ加工 敷布団でもマットレスでも使える 四隅にゴム付き シーツパッド 吸湿速乾 優しい肌触り ベッドシーツ マットレスパッド 耐久性 敷きパット 敷パッド 敷パット シーツパッド ベッド グレー 100*200cm,https://www.amazon.co.jp/s?k=Zdeysun,https://www.amazon.co.jp/dp/B0BYJHMVZC,https://m.media-amazon.com/images/I/61k5rpdi7qL._AC_US600_.jpg,B0CGQLNKFS,ホーム＆キッチン:寝具:ベッドパッド・敷きパッド,ホーム＆キッチン,199,797,0.8,ベッドパッド・敷きパッド,4,"4,007",25%,"7,136,587",500 ,"749,500 ",26,"1,499.00",,,,663,63.0,4.0,1.57%,485.00,53%,,2023-03-14,504 ,FBA,,8.0,1.0,Zdeysun,FBA,CN,"会社名：qingdaoshangchenjiajuyongpinyouxiangongsi
電話番号：+8617657157207
オフィス住所：
劲松七路236号5号楼3单元302户
青岛市
崂山区
山东省
266052
CN
マネージャー：Wenhui Zhang",https://www.amazon.co.jp/gp/help/seller/at-a-glance.html/ref=dp_merchant_link?seller=ANHSIA2RZ46IC,,,,,,,,Y,Y,,0.59 キログラム,,200 x 100 x 1 cm,200.00 x 100.00 x 1.00 cm
B007KTN3EY,サイズ: 450ミリリットル (x 1),,ビーワンコーポレーション,カビホワイト カビソフト除去スプレー カビ取り剤[木材・畳・すのこ・マットレス・カーテン] (450ml),https://www.amazon.co.jp/s?k=ビーワンコーポレーション,https://www.amazon.co.jp/dp/B007KTN3EY,https://m.media-amazon.com/images/I/41UTD7bsvpL._AC_US600_.jpg,B0CQSJB7RM,ドラッグストア:日用品:洗浄・クリーナー剤:カビ取り剤,ドラッグストア,"1,366",78,0.05,カビ取り剤,18,"3,926",-24%,"5,810,480","2,000 ","2,960,000 ",2,"1,480.00",,,55.0,"3,761",35.0,4.0,0.89%,455.00,59%,,2012-03-15,"4,520 ",FBA,,9.0,1.0,ビーワンショップ,FBA,JP,"会社名：株式会社ビーワンコーポレーション
電話番号：045-482-5592
オフィス住所：
寺家町４６９
横浜市青葉区
神奈川県
2270031
JP
マネージャー：三木 太圭",https://www.amazon.co.jp/gp/help/seller/at-a-glance.html/ref=dp_merchant_link?seller=A2SGNXZJ8XBZVL,,,,,,Y,,Y,Y,カビ取り剤,0.5 g,0.50 g,21.8 x 11.3 x 6.7 cm,21.80 x 11.30 x 6.70 cm
B0BL6S9HWG,サイズ: 140x200cm | 色: キャメル,商品の寸法:2長さ x 1.4幅 m | 色:キャメル | 材質:ポリエステル | サイズ:140x200cm | パターン:無地,Confis,Confis ボックスシーツ ダブル 抗菌 吸水速乾 ゴム付き 厚さ30cmまでのマットレスに対応 マットレスカバー ベッドカバー 安眠 無地 防ダニ オールシーズン(キャメル、ダブル・140x200cm),https://www.amazon.co.jp/s?k=Confis,https://www.amazon.co.jp/dp/B0BL6S9HWG,https://m.media-amazon.com/images/I/71vQDGaT5SL._AC_US600_.jpg,B0DF5P8XLQ,ホーム＆キッチン:寝具:寝具カバー・シーツ:ボックスシーツ,ホーム＆キッチン,864,-391,-0.83,ボックスシーツ,8,"3,912",3%,"5,100,309",,,78,"1,048.00",,,,562,77.0,4.1,1.97%,,85%,,2022-10-31,638 ,FBM,,9.0,1.0,Confis（コンフィス）,FBM,JP,"会社名：Confis INC
電話番号：0357876868
オフィス住所：
北品川５－５－１５
大崎ブライトコア４Ｆ
品川区
東京都
1410001
JP
マネージャー：山本 明珠香",https://www.amazon.co.jp/gp/help/seller/at-a-glance.html/ref=dp_merchant_link?seller=A2ENUO1BCH5LE1,,,,,,Y,,Y,N,ボックスシーツ シングル,,,200 x 140 x 0 cm,200.00 x 140.00 x 0.00 cm
B082SQ11H1,サイズ: 3.ダブル | 色: 1.ブラック,商品の寸法:195長さ x 140幅 x 10厚み cm | 商品の重量:4.92 キログラム | 色:1.ブラック | 中身の素材:高反発ウレタンフォーム | 特徴:折り畳み式 | サイズ:3.ダブル | ブランド:tobest(トゥーベスト) | 構造タイプ:特殊凹凸カッティング竹炭配合高反発ウレタンフォーム | 対象年齢:大人 | 商品の硬さ:程よい硬さの150N,tobest(トゥーベスト),tobest 【極】高反発マットレス ダブル 3つ折り プロファイル加工 ベッド 敷布団 ベッドマット 折り畳みマットレス 竹炭消臭 程よい硬さ 極厚 10cm 三つ折り ブラック,https://www.amazon.co.jp/s?k=tobest(トゥーベスト),https://www.amazon.co.jp/dp/B082SQ11H1,https://m.media-amazon.com/images/I/51-VOD+cP6L._AC_US600_.jpg,B0BKJXKDXY,ホーム＆キッチン:寝具:折りたたみマットレス,ホーム＆キッチン,"2,815","-1,699",-1.52,折りたたみマットレス,4,"3,699",,"40,615,020",200 ,"2,196,000 ",3,"10,980.00",,,28.0,"5,016",80.0,4.1,2.16%,"1,020.00",76%,,2019-12-14,"1,690 ",FBA,,9.0,1.0,【日本国内カスタマーサポート】TOKYO BEST SLEEP CENTER,FBA,JP,"会社名：株式会社新陽トレーディング
電話番号：03-3660-5202
オフィス住所：
日本橋小舟町13番10号 日本橋吉橋ビル3Ｆ
中央区
東京都
1030024
JP
マネージャー：北原 春弥",https://www.amazon.co.jp/gp/help/seller/at-a-glance.html/ref=dp_merchant_link?seller=A1OBT5NGYBNIX1,,,,,,,,Y,Y,,4.92 kg,4.92 kg,195 x 140 x 10 cm,195.00 x 140.00 x 10.00 cm
B08PCLVWKN,サイズ: c.セミダブル | スタイル: 三つ折りタイプ | 色: ブラック,商品の寸法:195長さ x 120幅 x 10厚み cm | 商品の重量:7.7 キログラム | 色:ブラック | トップスタイル:スムーストップ | 商品特長:「180Nと250Nの2層構造」×「リバーシブルカバー」×「特殊凸凹加工」×「竹炭消臭」×「34D高品質ウレタン」で27通りの寝心地が試せる夏も冬も安心の34D高品質マットレス | サイズ:c.セミダブル | ブランド:GOKUMIN | 構造タイプ:「180Nと250Nの2層構造」×「リバーシブルカバー」×「特殊凸凹加工」×「竹炭消臭」×「34D高品質ウレタン」で27通りの寝心地が試せる夏も冬も安心の34D高品質マットレス | 対象年齢:大人 | 商品の硬さ:180Nと250Nの2層構造,GOKUMIN,GOKUMIN マットレス【 高反発 180N 250N 2層構造グランマットレス】厚さ10cm 三つ折り ベッドマット 敷布団 硬め 折りたたみ 凸凹加工 高密度 34D 極眠 (セミダブル/ブラック) gmw,https://www.amazon.co.jp/s?k=GOKUMIN,https://www.amazon.co.jp/dp/B08PCLVWKN,https://m.media-amazon.com/images/I/91YcZa9OHEL._AC_US600_.jpg,B0CHRPJTZL,ホーム＆キッチン:寝具:折りたたみマットレス,ホーム＆キッチン,"1,129",-11,-0.01,折りたたみマットレス,3,"3,623",120%,"76,075,752",300 ,"6,299,400 ",14,"20,998.00",,,32.0,"5,214",29.0,4.3,0.80%,"1,532.00",78%,,2020-10-26,"1,373 ",FBM,,10.0,2.0,GOKUMIN【日本メーカ直営店】,FBM,JP,"会社名：株式会社KURUKURU
電話番号：0368615638
オフィス住所：
銀座６丁目１０番１号
ＧＩＮＺＡＳＩＸ１３Ｆ
中央区
東京都
1040061
JP
マネージャー：関沢",https://www.amazon.co.jp/gp/help/seller/at-a-glance.html/ref=dp_merchant_link?seller=A1P1AUOYD3BWU2,,,,,,Y,,Y,Y,ごくみんマットレス セミダブル,7.7 kg,7.70 kg,195 x 120 x 10 cm,195.00 x 120.00 x 10.00 cm
B0B7P1DRJY,サイズ: ボックスシーツ・シングル | 色: ネイビー,色:ネイビー | 素材構成:polyester | 材質:ポリエステル | サイズ:ボックスシーツ・シングル | パターン:無地,Magic Fit,ボックスシーツ シングル ベッドカバー 【洗いざらし & 超柔らかタイプ】 抗菌防臭 吸水速乾 丸洗いOK オールシーズン シーツ マットレスカバー べっとかばー 肌に優しい ベッド/マットレス/敷き布団対応(シングル ネイビー),https://www.amazon.co.jp/s?k=Magic Fit,https://www.amazon.co.jp/dp/B0B7P1DRJY,https://m.media-amazon.com/images/I/71GoXp+lR+L._AC_US600_.jpg,B0B7P1DWXB,ホーム＆キッチン:寝具:寝具カバー・シーツ:ボックスシーツ,ホーム＆キッチン,401,654,0.62,掛けふとんカバー,2,"3,547",,"5,865,283",,,36,"1,428.00",,,,"1,122",50.0,4.1,1.41%,465.00,52%,,2022-08-08,722 ,FBA,,8.0,1.0,Magic-Fit,FBA,CN,"会社名：qingdaohuijiewenxuanmaoyiyouxiangongsi
電話番号：053285708016
オフィス住所：
shandonglu27haoxidong505hu
shinanqu
qingdaoshi
shandongsheng
266071
CN
マネージャー：LuoYuan Tian",https://www.amazon.co.jp/gp/help/seller/at-a-glance.html/ref=dp_merchant_link?seller=ASGXWXBWCQJSQ,,,,,,,,,N,,0.37 キログラム,,200 x 100 x 0 cm,200.00 x 100.00 x 0.00 cm
B07L3CH4ZW,サイズ: ダブル,商品の寸法:195長さ x 140幅 x 21厚み cm | 商品の重量:22.8 キログラム | 色:ブルー|ホワイト | 中身の素材:ポリウレタンフォーム | 特徴:隣の人が寝返りしても目覚めない即振動吸収、理想の寝姿勢に整えるゾーニング、通気性抜群の独自開発ウレタンフォーム、3層構造で快適にサポート | サイズ:ダブル | ブランド:Koala Mattress | 構造タイプ:ポリウレタンフォーム | 対象年齢:大人 | 商品の硬さ:ふつう,Koala Mattress,koala (R) マットレス ダブル 【オリジナルコアラマットレス】 ベットマットレス 寝具 厚さ21cm ウレタンフォーム 洗えるカバー 寝返り サポート 振動吸収 通気性 120日トライアル期間 メーカー10年保証,https://www.amazon.co.jp/s?k=Koala Mattress,https://www.amazon.co.jp/dp/B07L3CH4ZW,https://m.media-amazon.com/images/I/61KiC+GV9tL._AC_US600_.jpg,B0BQ32LYR3,ホーム＆キッチン:家具:ベッドルーム家具:マットレス・パッド:ベッドマットレス,ホーム＆キッチン,"5,623","-1,893",-0.51,ベッドマットレス,15,"2,835",177%,"254,866,496",300 ,"26,970,000 ",5,"89,900.00",,,16.0,695,24.0,4.6,0.85%,"3,573.00",81%,,2019-04-09,"1,939 ",FBA,,9.0,1.0,Koala Sleep Japan,FBA,JP,"会社名：Koala Sleep Japan株式会社
電話番号：050-3199-1554
オフィス住所：
神宮前５丁目４３番７号
表参道ＡＲＴ ＷＯＲＫＳ
渋谷区
東京都
1500001
JP
マネージャー：Milly Kuan",https://www.amazon.co.jp/gp/help/seller/at-a-glance.html/ref=dp_merchant_link?seller=A30T8T6U3IDEIJ,,,,,,,,Y,Y,,22.8 kg,22.80 kg,195 x 140 x 21 cm,195.00 x 140.00 x 21.00 cm
B08CXQSKCL,サイズ: シングル | 色: アイボリー | スタイル: ベッドシーツ,色:アイボリー | 素材構成:ポリエステル100％ | 材質:ポリエステル | サイズ:シングル | パターン:ボックスシーツ,Sanko,三幸 ボックスシーツ 水洗いシワ加工 シングル アイボリー シーツ 単品 マットレスカバー 通年 429544-0005,https://www.amazon.co.jp/s?k=Sanko,https://www.amazon.co.jp/dp/B08CXQSKCL,https://m.media-amazon.com/images/I/718n9X4dc-L._AC_US600_.jpg,B08D3VLJM8,ホーム＆キッチン:寝具:寝具カバー・シーツ:敷きふとんカバー,ホーム＆キッチン,365,76,0.17,敷きふとんカバー,1,"2,409",,"2,404,447",,,77,990.00,,,,"2,598",25.0,4.0,1.04%,399.00,46%,,2020-07-13,"1,478 ",AMZ,,9.0,1.0,Amazon,AMZ,,,,,,,,,,,Y,N,,0.42 キログラム,,200 x 100 x 0 cm,200.00 x 100.00 x 0.00 cm
B09M3PSBXP,サイズ: ダブル~クイーン用 | 色: グリーン,色:グリーン | 素材構成:９０％ポリエステル＋１０％ポリウレタン | 材質:９０％ポリエステル＋１０％ポリウレタン | サイズ:ダブル~クイーン用 | パターン:無地,MISOLER,MISOLER ボックスシーツ ベッドシーツ 毛玉なし ベッドカバー マットレス・敷ふとん兼用 のびのびぴったり 通気性 夏・冬オールシーズン吸水速乾 しわにならない 着脱簡単 抗菌防臭 （ダブル~クイーン用・140～160cm×180~210cm グリーン）,https://www.amazon.co.jp/s?k=MISOLER,https://www.amazon.co.jp/dp/B09M3PSBXP,https://m.media-amazon.com/images/I/81QF38WN+ML._AC_US600_.jpg,B09M3HZPT8,ホーム＆キッチン:寝具:寝具カバー・シーツ:ボックスシーツ,ホーム＆キッチン,"1,157",-679,-1.42,ボックスシーツ,9,"2,408",,"5,465,943",50 ,"123,000 ",15,"2,460.00",,,,"1,700",37.0,4.3,1.54%,318.00,72%,,2021-11-16,987 ,FBA,,9.0,1.0,星野川,FBA,CN,"会社名：pingdushixingyechuanfangzhipinchang
電話番号：+8613969815001
オフィス住所：
pingdushidonggebanshichucuizhaocun
qingdaoshi
shandongsheng
266700
CN
マネージャー：XiuZhen Xu",https://www.amazon.co.jp/gp/help/seller/at-a-glance.html/ref=dp_merchant_link?seller=AG8QSU2DWRU86,,,,,,,,Y,Y,,500 g,500.00 g,185 x 110 x 0 cm,185.00 x 110.00 x 0.00 cm
B09GBP9JPT,サイズ: セミダブル・120X200cm | 色: ピンク,色:ピンク | 素材構成:ポリエステル | 材質:ポリエステル | サイズ:セミダブル・120X200cm | パターン:無地,Lemon Bear,ボックスシーツ セミダブル やわらかニット シーツ のびのびピタッと ベッドシーツ フィットシーツ 吸水速乾 抗菌・防臭 マットレスカバー ベッドカバー オールシーズン (セミダブル・120X200cm ピンク),https://www.amazon.co.jp/s?k=Lemon Bear,https://www.amazon.co.jp/dp/B09GBP9JPT,https://m.media-amazon.com/images/I/61GlYcFib9L._AC_US600_.jpg,B09GBLXHDD,ホーム＆キッチン:寝具:寝具カバー・シーツ:ボックスシーツ,ホーム＆キッチン,798,439,0.35,ボックスシーツ,8,"2,236",,"5,153,622",,,50,"1,904.00",,,,"1,833",27.0,4.1,1.21%,485.00,65%,,2021-09-13,"1,051 ",FBA,,9.0,1.0,LemonBear 寝具専門店,FBA,JP,"会社名：LONGING JAPAN株式会社
電話番号：0742817233
オフィス住所：
奈良市あやめ池北三丁目
９番２３－４号
奈良市
奈良市
6310032
JP
マネージャー：井口 和志",https://www.amazon.co.jp/gp/help/seller/at-a-glance.html/ref=dp_merchant_link?seller=A29G1WQRLG0V5W,,,,,,,,Y,N,,0.63 キログラム,,200 x 100 x 0 cm,200.00 x 100.00 x 0.00 cm
B0D5R73WR9,色: 140*205cm,色:140*205cm | 留め具タイプ:プルオン | ブランド:Onkya | 商品のお手入れ方法:洗濯機洗い | メーカー:Onkya,Onkya,敷きパッド 夏用 冷感 【2024夏進級版&Q-MAX0.54】 しきぱっと ダブル リバーシブル 両面使える敷きパッド ひんやり 冷たい 四隅ズレ防止ゴムバンド付き 吸湿速乾 洗える ベッドパッド 防ダニ 抗菌防臭 ひんやり敷きパッド マットレス 布団敷きパッド 140*205cm,https://www.amazon.co.jp/s?k=Onkya,https://www.amazon.co.jp/dp/B0D5R73WR9,https://m.media-amazon.com/images/I/81vFgHRkhsL._AC_US600_.jpg,B0D7SRR8KW,ホーム＆キッチン:寝具:ベッドパッド・敷きパッド,ホーム＆キッチン,736,-85,-0.13,ベッドパッド・敷きパッド,16,"2,161",,"8,743,881",400 ,"1,799,600 ",3,"4,499.00",,,,108,91.0,4.3,4.21%,514.00,74%,,2024-05-30,61 ,FBA,,9.0,3.0,Philov store,FBA,JP,"会社名：張 朋名
電話番号：+819029126163
オフィス住所：
２－６－２
グランド・ガーラ神田３０２
千代田区神田多町
東京都
1010046
JP
マネージャー：張 朋名",https://www.amazon.co.jp/gp/help/seller/at-a-glance.html/ref=dp_merchant_link?seller=A2HF7XP1Y3Q5MO,,,,,,,,Y,N,,0.87 キログラム,,15 x 10 x 12 cm,15.00 x 10.00 x 12.00 cm
B088GG99TG,,商品の寸法:8長さ x 6幅 x 11.5高さ cm | 色:130W | 電源:Ac | ブランド:WEEFEESTAR | メーカー:weefeestar,WEEFEESTAR,エアーポンプ 電動ポンプ 電動エアポンプ 空気入れ 空気抜き AC電源 110V プール エアマットレスのベッドボート 浮き輪 膨脹可能なおもちゃ,https://www.amazon.co.jp/s?k=WEEFEESTAR,https://www.amazon.co.jp/dp/B088GG99TG,https://m.media-amazon.com/images/I/61yPNlvvz2L._AC_US600_.jpg,B088GG99TG,スポーツ＆アウトドア:アウトドア:寝袋・ベッド・マット:バッグ・アクセサリ:エアーポンプ:電動エアーポンプ,スポーツ＆アウトドア,113,0,0.0,アウトドア用電動エアーポンプ,5,"2,130",193%,"3,175,659","2,000 ","3,398,000 ",1,"1,699.00",,,,529,10.0,3.9,0.47%,455.00,58%,,2020-05-11,"1,541 ",FBA,,9.0,1.0,tengwangjp,FBA,CN,"会社名：Weifangshitengwangmaoyiyouxiangongsi
電話番号：+8617322332517
オフィス住所：
gaoxinquxinchengjiedaoyingqianshequyingqianjie11056hao
shidai·lijingyuan32haolou3-501
weifangshi
Shandongsheng
261000
CN
マネージャー：Liu Yu",https://www.amazon.co.jp/gp/help/seller/at-a-glance.html/ref=dp_merchant_link?seller=A107AIGBD9BZKT,,,,,,,,Y,N,,440 g,440.00 g,15.6 x 12.2 x 11.2 cm,15.60 x 12.20 x 11.20 cm
B0BYYM6MVS,サイズ: ワイドダブル～クイーン兼用 | 色: アイボリー,,SWEETODAY,SWEETODAY ボックスシーツ 冷感 のびる シーツ QMAX0.525 ワイドダブル～クイーン兼用 マチ約32CM マットレスカバー 敷ふとんカバー ストレッチニット生地 のびのびボックスシーツ ぴったりフィット 超吸水速乾＆通気 ベッドシーツ 柔らかい ひんやり BOXシーツ 全周ゴム 着脱簡単 抗菌防臭 洗える アイボリー,https://www.amazon.co.jp/s?k=SWEETODAY,https://www.amazon.co.jp/dp/B0BYYM6MVS,https://m.media-amazon.com/images/I/41Dh4zsw0yL._AC_US600_.jpg,B0BYYKR3PY,ホーム＆キッチン:寝具:寝具カバー・シーツ:ボックスシーツ,ホーム＆キッチン,"2,353","-1,432",-1.55,ボックスシーツ,10,"2,053",,"6,127,425",50 ,"126,750 ",8,"2,535.00",,,,193,23.0,4.1,1.12%,465.00,67%,,2023-04-07,480 ,FBA,,10.0,1.0,SWEETODAY,FBA,CN,"会社名：qingdaoQCZNKJyouxiangongsi
電話番号：+8618669815170
オフィス住所：
huanbaochanyeyuansanhuanlu8hao
2F
qingdaoshi
shandongsheng
266200
CN
マネージャー：SWEETODAY",https://www.amazon.co.jp/gp/help/seller/at-a-glance.html/ref=dp_merchant_link?seller=A1HJVUY3SHKFN2,,,,,,,,Y,Y,,760 g,760.00 g,180 x 125 x 0 cm,180.00 x 125.00 x 0.00 cm
B09HMDJB64,サイズ: ダブル 140×205cm | 色: オールシーズン/ホワイト,色:オールシーズン/ホワイト | 素材構成:polyester | 特徴:速乾 | サイズ:ダブル 140×205cm | ブランド:Sねむりのサンショップ,Sねむりのサンショップ,敷きパッド ダブル ベッドパッド あったか 春 夏 秋 冬 オールシーズン使える 洗える しきぱっと 肌触りよい マットレスパッド 吸湿速乾 抗菌 防臭 防ダニ加工 SEK認証 静電気防止加工 四隅ゴム付き 140×205cm ホワイト,https://www.amazon.co.jp/s?k=Sねむりのサンショップ,https://www.amazon.co.jp/dp/B09HMDJB64,https://m.media-amazon.com/images/I/611mFYe8T2L._AC_US600_.jpg,B09LQLNJSJ,ホーム＆キッチン:寝具:ベッドパッド・敷きパッド,ホーム＆キッチン,"1,713",-403,-0.31,ベッドパッド・敷きパッド,21,"1,861",,"4,195,550",,,18,"2,380.00",,,,662,40.0,4.0,2.15%,514.00,63%,,2021-09-26,"1,038 ",FBA,,10.0,1.0,Sねむりのサンショップ,FBA,JP,"会社名：ULIFE株式会社
オフィス住所：
中川３丁目１８－１６
ルシエラ１０１
足立区
東京都
1200002
JP
マネージャー：ULIFE株式会社",https://www.amazon.co.jp/gp/help/seller/at-a-glance.html/ref=dp_merchant_link?seller=AKLQOAST5XM0W,,,,,,,,Y,N,,0.82 キログラム,,33.9 x 17.7 x 16.2 cm,33.90 x 17.70 x 16.20 cm
B098DYHC4H,サイズ: シングル | 色: ホワイト(アイボリー) | スタイル: 01 プレミアリッチレギュラー,商品の寸法:195長さ x 97幅 x 5厚み cm | 商品の重量:4.4 キログラム | 色:ホワイト(アイボリー) | 中身の素材:メモリーフォーム | 特徴:バレーボール指導者 中田久美さんご愛用 | サイズ:シングル | カバーの素材:ポリエステル | ブランド:Shop Japan(ショップジャパン) | 対象年齢:キッズ | 商品の硬さ:硬い,Shop Japan(ショップジャパン),【Amazon.co.jp 限定】【公式】Shop Japan(ショップジャパン) トゥルースリーパー プレミアリッチ 体圧分散 低反発マットレス シングル ホワイト 2層構造 抗菌 防カビ 防ダニ 厚さ5㎝ 日本製 中田久美さんご愛用 True Sleeper【30日間お試しサービス対象】,https://www.amazon.co.jp/s?k=Shop Japan(ショップジャパン),https://www.amazon.co.jp/dp/B098DYHC4H,https://m.media-amazon.com/images/I/41rw+ao0CfL._AC_US600_.jpg,B0D31BB1XS,ホーム＆キッチン:寝具:折りたたみマットレス,ホーム＆キッチン,"1,878",-469,-0.33,折りたたみマットレス,13,"1,775",,"47,005,552",,,21,"27,800.00",,,,"2,453",34.0,4.1,1.92%,"1,020.00",81%,,2021-06-30,"1,126 ",FBM,,8.0,1.0,株式会社尾崎商店,FBM,JP,"会社名：株式会社尾崎商店
電話番号：0489152146
オフィス住所：
稲荷５－８－１９
草加市
埼玉県
3400003
JP
マネージャー：尾崎洋孝",https://www.amazon.co.jp/gp/help/seller/at-a-glance.html/ref=dp_merchant_link?seller=A1CZIN69K6WARK,,,,,,,,Y,Y,,4.4 kg,4.40 kg,195 x 97 x 5 cm,195.00 x 97.00 x 5.00 cm
B085Y84HRB,スタイル: 4個,"商品の寸法:191長さ x 73幅 x 22厚み cm | 色:ネイビー | 特徴:空気注入式, 折り畳み式 | サイズ:シングル(2個セット) | ブランド:アイリスオーヤマ(IRIS OHYAMA)",アイリスオーヤマ(IRIS OHYAMA),アイリスオーヤマ 防災グッズ ベッド マットレス キャンプ 用品 寝袋 ABD-1N×2個,https://www.amazon.co.jp/s?k=アイリスオーヤマ(IRIS OHYAMA),https://www.amazon.co.jp/dp/B085Y84HRB,https://m.media-amazon.com/images/I/51aW4NJ7hjL._AC_US600_.jpg,B0D6FZ6TR4,スポーツ＆アウトドア:アウトドア:寝袋・ベッド・マット:エアーマット・エアーベッド,スポーツ＆アウトドア,331,170,0.34,アウトドア用エアーマット,8,"1,753",,"16,653,500",,,3,"9,500.00",,,21.0,5,0.0,4.1,0.00%,"1,020.00",74%,,2020-03-15,"1,598 ",,,9.0,2.0,ゆにでのこづち,,JP,"会社名：ゆにでのこづち
電話番号：03-6706-4521
オフィス住所：
扇町７丁目５－１１
仙台市宮城野区
宮城県
9830034
JP
マネージャー：髙橋",https://www.amazon.co.jp/gp/help/seller/at-a-glance.html/ref=dp_merchant_link?seller=A13UYY6I5BCIKO,,,,,,,,Y,N,,1.4 kg,1.40 kg,191 x 73 x 22 cm,191.00 x 73.00 x 22.00 cm
B0BBV7VTD3,サイズ: シングル・100×200cm | 色: パープル,商品の寸法:2長さ x 1幅 m | 色:パープル | 材質:ポリエステル | サイズ:シングル・100×200cm | パターン:無地,SowooHome,SowooHome ボックスシーツ マットレスカバー 洗える さらさら肌触り ナチュラル おしゃれ 無地 吸水速乾 シングル・100×200cm パープル,https://www.amazon.co.jp/s?k=SowooHome,https://www.amazon.co.jp/dp/B0BBV7VTD3,https://m.media-amazon.com/images/I/51frSVW2N8L._AC_US600_.jpg,B0BJ61G3VV,ホーム＆キッチン:寝具:寝具カバー・シーツ:ボックスシーツ,ホーム＆キッチン,630,"2,307",0.79,ボックスシーツ,6,"1,677",,"1,689,141",50 ,"37,400 ",46,748.00,,,,781,38.0,4.0,2.27%,252.00,51%,,2022-08-24,706 ,FBA,,7.0,2.0,Soyo Home,FBA,CN,"会社名：xiongjingjing
電話番号：+8618268092840
オフィス住所：
Room 2-1-2402 Qingtianbandao, Yuhang
Hangzhou
Zhejiang
311100
CN
マネージャー：xiongjingjing",https://www.amazon.co.jp/gp/help/seller/at-a-glance.html/ref=dp_merchant_link?seller=A11EOK467I7NFT,,,,,,,,,N,,0.41 キログラム,,200 x 100 x 0 cm,200.00 x 100.00 x 0.00 cm
B08R3CFYDZ,サイズ: 03.ダブル | パターン名: 02.高反発 | スタイル: 単品,"商品の寸法:2長さ x 1.4幅 x 0.07厚み m | 色:10.高反発/ダブル | モデル名:246057319 | 中身の素材:ウレタンフォーム | 特徴:抗菌 | サイズ:03.ダブル | ブランド:西川(Nishikawa) | 構造タイプ:ポケットコイル | 対象年齢:大人,子供 | 商品の硬さ:硬い",西川(Nishikawa),nishikawa 【 西川 】 エニーマット マットレス ダブル 高反発 寝返りサポート エアホール加工 通気性 年中快適 抗菌加工 洗濯可能な側生地 折りたたみ 収納用固定ベルト付き ベッドでも床でも使用OK 敷き布団 ベッドマットレス ANY MAT スリープラインby nishikawa ネイビー 246057319,https://www.amazon.co.jp/s?k=西川(Nishikawa),https://www.amazon.co.jp/dp/B08R3CFYDZ,https://m.media-amazon.com/images/I/81bTDrSuEYL._AC_US600_.jpg,B0917YVCZ1,ホーム＆キッチン:寝具:折りたたみマットレス,ホーム＆キッチン,"4,227","-1,337",-0.46,折りたたみマットレス,25,"1,563",,"23,917,026",,,8,"15,302.00",,,14.0,975,28.0,4.2,1.79%,"1,100.00",78%,,2020-12-20,"1,318 ",,,10.0,1.0,,,,,,,,,,,,,Y,Y,,7.92 キログラム,,200 x 140 x 7 cm,200.00 x 140.00 x 7.00 cm
B09T2JMSCR,サイズ: シングル (97*195*5cm) | 色: ブラック,"商品の寸法:195長さ x 97幅 x 5厚み cm | 商品の重量:4.76 キログラム | 色:ブラック | モデル名:F3 | 中身の素材:ウレタンフォーム | 特徴:汚れにくい, 抗菌 | サイズ:シングル (97*195*5cm) | ブランド:Homwarm | 対象年齢:大人 | 商品の硬さ:柔らかい",Homwarm,"Homwarm マットレス ベットマット 高反発 敷布団 厚さ5cm 抗菌防湿 毛玉 ・汚れ防止 高通気性 高密度32D (シングル (97*195*5cm), 黒)",https://www.amazon.co.jp/s?k=Homwarm,https://www.amazon.co.jp/dp/B09T2JMSCR,https://m.media-amazon.com/images/I/716fqPYw8EL._AC_US600_.jpg,B09T2VVS8J,ホーム＆キッチン:寝具:折りたたみマットレス,ホーム＆キッチン,"1,081",720,0.4,折りたたみマットレス,3,"1,480",,"12,190,834",200 ,"1,356,600 ",12,"6,783.00",,,,"2,165",45.0,4.4,3.04%,975.00,71%,,2022-02-19,892 ,FBA,,9.0,1.0,【公式】 Homwarm正規販売店,FBA,CN,"会社名：驻马店市莫比利特网络科技有限公司
オフィス住所：
置地二期15号楼5楼东户
驻马店
河南
463000
CN
マネージャー：陈博",https://www.amazon.co.jp/gp/help/seller/at-a-glance.html/ref=dp_merchant_link?seller=A1Q4Y1PUTOV9YN,,,,,,,,Y,N,,4.76 kg,4.76 kg,195 x 97 x 5 cm,195.00 x 97.00 x 5.00 cm
B0BVBJ9QL7,サイズ: 200×200cm | 色: アイボリー,"色:アイボリー | 留め具タイプ:ゴム | 特徴:抗菌防臭, 洗える, キルティング | サイズ:200×200cm | ブランド:Keusnix",Keusnix,Keusnix 敷きパッド ワイドキング 綿100% タオル地 ベッドパッド コットン パイル地 【TEIJIN マイティトップ中綿使用】敷パット 収縮加工 抗菌・防臭・防ダニ加工 敷パッド オールシーズン 吸湿速乾 しきぱっと 洗える ゴム付き ベッドシーツ ふわふわ 耐久性向上 マットレスパッド 200X200cm アイボリー,https://www.amazon.co.jp/s?k=Keusnix,https://www.amazon.co.jp/dp/B0BVBJ9QL7,https://m.media-amazon.com/images/I/71v5etWTjEL._AC_US600_.jpg,B0CQY9ZDCL,ホーム＆キッチン:寝具:ベッドパッド・敷きパッド,ホーム＆キッチン,"1,910",755,0.28,ベッドパッド・敷きパッド,73,"1,329",,"4,993,345",,,24,"4,080.00",,￥500.00,,302,7.0,4.1,0.53%,603.00,71%,,2023-02-08,538 ,FBA,,10.0,1.0,fuwawa寝具の専門店,FBA,JP,"会社名：サンリビング株式会社
オフィス住所：
葵2丁目3－15 ふぁみーゆ葵ビル9階902
名古屋市東区
愛知県
4610004
JP
マネージャー：橋本直人",https://www.amazon.co.jp/gp/help/seller/at-a-glance.html/ref=dp_merchant_link?seller=A3R33BFZDG96X4,,,,,,,,Y,Y,,1.38 キログラム,,200 x 200 x 1 cm,200.00 x 200.00 x 1.00 cm
B0CDFPL1X1,サイズ: スモールセミシングル | 色: ネイビー,商品の寸法:180長さ x 60幅 x 4厚み cm | 色:ネイビー | 商品の重量:2.9 キログラム | 耐水レベル:非防水 | 材質:中材=ウレタンフォーム、側地=ポリエステル100% | ブランド:アキレス(Achilles),Achilles(アキレス),[アキレス] マットレス 折りたたみ 硬め 高硬度(265N) 腰痛 スモール セミシングル (幅60×長さ180㎝) 抗菌 消臭 厚み4㎝ 車中泊 災害 ごろ寝 6つ折り コンパクト ネイビー MK6-SSS NV,https://www.amazon.co.jp/s?k=Achilles(アキレス),https://www.amazon.co.jp/dp/B0CDFPL1X1,https://m.media-amazon.com/images/I/41YbqvScDCL._AC_US600_.jpg,B0CDFPL1X1,ホーム＆キッチン:寝具:折りたたみマットレス,ホーム＆キッチン,"1,868","1,089",0.37,折りたたみマットレス,8,"1,324",23%,"6,899,364",,,12,"5,211.00",,,,"2,173",26.0,4.2,1.96%,"1,020.00",65%,,2023-08-06,359 ,AMZ,,9.0,1.0,Amazon,AMZ,,,,,,,,,,,Y,N,,2.9 kg,2.90 kg,180 x 60 x 4 cm,180.00 x 60.00 x 4.00 cm
B01GMMRMMS,サイズ: 500グラム (x 1),液体内容物を含む:はい | 商品の形状:液体 | 商品の個数:1 | ブランド:純閃堂 | ユニット数:500.0 グラム | メーカー:純閃堂 | 推奨使用場所:部屋の壁紙、布製品、塗り壁、コンクリートと風呂 | 商品体積:500 ミリリットル | 商品用途・使用方法:カーペット,純閃堂,カビ取り侍 液スプレー 500g 標準タイプ 部屋の壁紙 漆喰 布団 カーテン マットレス用 純閃堂 KZ-LS500,https://www.amazon.co.jp/s?k=純閃堂,https://www.amazon.co.jp/dp/B01GMMRMMS,https://m.media-amazon.com/images/I/71LGqfK7r1L._AC_US600_.jpg,B0BL2CZJSH,ドラッグストア:日用品:洗浄・クリーナー剤:カビ取り剤,ドラッグストア,"2,930",-349,-0.14,カビ取り剤,38,"1,320",,"1,960,200","1,000 ","1,485,000 ",3,"1,485.00",,,43.0,"2,673",27.0,4.2,2.05%,455.00,59%,,2017-04-14,"2,664 ",FBA,,9.0,1.0,純閃堂（JUNSENDO）,FBA,JP,"会社名：株式会社純閃堂
電話番号：0493-53-4537
オフィス住所：
菅谷６２９－５
比企郡嵐山町
埼玉県
3550221
JP
マネージャー：安藤純一",https://www.amazon.co.jp/gp/help/seller/at-a-glance.html/ref=dp_merchant_link?seller=A1P5EPHSPUACR4,,,,,,Y,,Y,N,カビトリ侍,580 g,580.00 g,8.5 x 7.5 x 24 cm,8.50 x 7.50 x 24.00 cm
B09VYZFDQR,サイズ: 10 Jumbo,"商品の推奨用途:寝具, 衣類 | 色:ホワイト | 特徴:再利用可能。 | ブランド:WANALIT | 積載量:2.27 kg",WANALIT,WANALIT 真空収納バッグ 電動ポンプ付き 10パック ジャンボサイズ (40インチx28インチ) 再利用可能 圧縮 省スペースバッグ 衣類 寝具 マットレス 毛布 枕 掛け布団 旅行 ホワイト…,https://www.amazon.co.jp/s?k=WANALIT,https://www.amazon.co.jp/dp/B09VYZFDQR,https://m.media-amazon.com/images/I/71IRuFrBiML._AC_US600_.jpg,B0B1BZH1SB,ホーム＆キッチン:収納用品:圧縮袋,ホーム＆キッチン,"1,494",-247,-0.2,圧縮袋,12,"1,281",,"19,067,684",,,11,"14,247.00",,,,"4,306",161.0,4.3,12.57%,514.00,81%,,2022-05-16,806 ,FBM,,8.0,18.0,Alpagut,FBM,TR,"会社名：ALPASLAN ATES
電話番号：+905368486435
オフィス住所：
TALAYTEPE MAH. 4003/1. SK.
NO: 3A İÇ KAPI NO: 15
DİYARBAKIR
21070
TR
マネージャー：ALPASLAN ATES",https://www.amazon.co.jp/gp/help/seller/at-a-glance.html/ref=dp_merchant_link?seller=A19EUMEODJBAD0,,,,,,,,,N,,1.42 kg,1.42 kg,31.9 x 19.41 x 11.91 cm,31.90 x 19.41 x 11.91 cm
B0CLXVXV1K,サイズ: セミダブル,色:ライトグレー | 商品の重量:0.9 キログラム | 材質:ポリエステル、シリカゲル、珪藻土、炭 | ブランド:YAMAZEN(山善) | メーカー:山善(YAMAZEN),YAMAZEN(山善),[山善] 除湿シート セミダブル 珪藻土入り 洗える 防ダニ 防カビ 消臭 吸湿センサー付き 敷きパッド 寝具用 除湿マット 湿気取り 繰り返し使える 梅雨 マットレス ベッド 布団 寝室 ライトグレー AJS-SD(LGY),https://www.amazon.co.jp/s?k=YAMAZEN(山善),https://www.amazon.co.jp/dp/B0CLXVXV1K,https://m.media-amazon.com/images/I/81jD2dr8T4L._AC_US600_.jpg,B0CV9Y1WJY,ホーム＆キッチン:寝具:寝具カバー・シーツ:寝具用除湿シート,ホーム＆キッチン,"2,387","1,374",0.37,寝具用除湿シート,2,"1,242",,"3,682,542",200 ,"598,000 ",4,"2,990.00",,,,60,21.0,4.1,1.69%,815.00,58%,,2024-02-07,174 ,AMZ,,9.0,2.0,Amazon,AMZ,,,,,,,,,,,Y,N,,900 g,900.00 g,110 x 185 x 0.3 cm,110.00 x 185.00 x 0.30 cm
B0848CP598,サイズ: シングル | 色: メッシュブラウン,"商品の寸法:195長さ x 97幅 x 10厚み cm | 商品の重量:5 キログラム | 色:メッシュブラウン | 中身の素材:高反発ウレタン | 特徴:防臭, 高反発 | サイズ:シングル | ブランド:モダンデコ | 構造タイプ:高反発ウレタン | 対象年齢:子供 | 商品の硬さ:硬い",モダンデコ,"モダンデコ 三つ折り 高反発マットレス 極厚10cm マットレス ベッドマットレス (メッシュブラウン, シングル)",https://www.amazon.co.jp/s?k=モダンデコ,https://www.amazon.co.jp/dp/B0848CP598,https://m.media-amazon.com/images/I/51T4Pkd0wXL._AC_US600_.jpg,B09QCRF2ND,ホーム＆キッチン:寝具:折りたたみマットレス,ホーム＆キッチン,"1,497",695,0.32,折りたたみマットレス,8,"1,228",0%,"8,594,772",,,27,"6,999.00",,,,"1,009",16.0,4.3,1.30%,"1,020.00",67%,,2020-03-07,"1,606 ",FBM,,8.0,1.0,Modern deco,FBM,JP,"会社名：モダンデコ株式会社
電話番号：0570-039-777
オフィス住所：
１６ー２２
ロアール富士見町１０１
広島県広島市中区富士見町
広島県
7300043
JP
マネージャー：横田 一朗",https://www.amazon.co.jp/gp/help/seller/at-a-glance.html/ref=dp_merchant_link?seller=A15WX30AODS45I,,,,,,,,Y,Y,,5 kg,5.00 kg,195 x 97 x 10 cm,195.00 x 97.00 x 10.00 cm
B0D7H9D854,サイズ: シングル,商品の寸法:195長さ x 95幅 x 21厚み cm | 商品の重量:21.73 キログラム | 色:ホワイト｜グレー | コイルタイプ:ポケットコイル | サイズ:シングル | ブランド:NELL | マットレスのコイル数:1173,NELL,【NELLマットレス】ネルマットレス シングル 寝具 厚さ21cm 寝返り 超高密度コイル 通気性 10万回の耐久試験クリア 120日間トライアル,https://www.amazon.co.jp/s?k=NELL,https://www.amazon.co.jp/dp/B0D7H9D854,https://m.media-amazon.com/images/I/41Q2cpo5r3L._AC_US600_.jpg,B0D7HHPRVB,ホーム＆キッチン:家具:ベッドルーム家具:マットレス・パッド:ベッドマットレス,ホーム＆キッチン,"10,678","-1,523",-0.17,ベッドマットレス,18,"1,222",100%,"91,650,000",400 ,"30,000,000 ",4,"75,000.00",,,,28,27.0,4.6,2.21%,"1,532.00",83%,,2024-06-29,31 ,FBA,,9.0,1.0,NELL(ネル),FBA,JP,"会社名：Morght Co., Ltd.
オフィス住所：
東京都港区南青山三丁目１番３４号
３ｒｄ ＭＩＮＡＭＩ ＡＯＹＡＭＡ ６階
港区南青山
東京都
1070062
JP
マネージャー：株式会社Morght",https://www.amazon.co.jp/gp/help/seller/at-a-glance.html/ref=dp_merchant_link?seller=A36Q0I2VQDVG13,,,,,,,,Y,N,,21.73 kg,21.73 kg,195 x 95 x 21 cm,195.00 x 95.00 x 21.00 cm
B098SYSCMK,サイズ: ダブル | スタイル: 厚さ 6.0cm-7.0cm | パターン名: ハイグレードモデル:肩柔らか・腰普通,商品の寸法:195長さ x 140幅 x 6厚み cm | 商品の重量:9 キログラム | 色:ホワイト | モデル名:エアウィーヴ 01 | 中身の素材:エアファイバー | 特徴:両面 | サイズ:ダブル | カバーの素材:ポリエステル | ブランド:エアウィーヴ(airweave) | 商品の硬さ:柔らかい,エアウィーヴ(airweave),エアウィーヴ マットレス ダブル エアウィーヴ 01 マットレスパッド 高反発 折りたたみ 洗える 1-227031-1 肩回りが柔らかい ホワイト メーカー3年保証 【30日間のお試しサービス対象】,https://www.amazon.co.jp/s?k=エアウィーヴ(airweave),https://www.amazon.co.jp/dp/B098SYSCMK,https://m.media-amazon.com/images/I/51GKXtVCBrL._AC_US600_.jpg,B0DR2ZMPHH,ホーム＆キッチン:寝具:折りたたみマットレス,ホーム＆キッチン,"3,517",-421,-0.14,折りたたみマットレス,19,"1,190",55%,"119,168,976",,,15,"100,100.00",,,,"1,297",21.0,4.3,1.76%,"4,496.00",82%,,2021-07-12,"1,114 ",AMZ,,10.0,1.0,Amazon,AMZ,,,,,,,,,,,Y,Y,,9 kg,9.00 kg,195 x 140 x 6 cm,195.00 x 140.00 x 6.00 cm
B08L8TBHGK,色: 30cm幅ホワイト,色:30cm幅ホワイト | 素材構成:ジェルメモリーフォーム | 特徴:高反発 | サイズ:スプリットキング | ブランド:kalyn,kalyn,すきまパッド マットレスバンド パッド幅30cmアップグレード ベッドパッド 隙間パッド マットレス 隙間スペーサー 隙間埋め 連結 固定ベルト10m 日本語取付説明書付き (30cm幅ホワイト) (30cm幅ホワイト),https://www.amazon.co.jp/s?k=kalyn,https://www.amazon.co.jp/dp/B08L8TBHGK,https://m.media-amazon.com/images/I/71tf3Ug4YwL._AC_US600_.jpg,B0CPJVJC4R,ホーム＆キッチン:寝具:ベッドパッド・敷きパッド,ホーム＆キッチン,"4,471",-371,-0.09,ベッドパッド・敷きパッド,56,"1,140",-5%,"4,423,200",800 ,"3,104,000 ",2,"3,880.00",,,,997,16.0,3.9,1.40%,514.00,68%,,2020-10-15,"1,384 ",FBA,,9.0,1.0,Kanavi -メーカー直営店,FBA,CN,"会社名：袁佳丽
電話番号：+8615657003623
オフィス住所：
龙岗区军田路59号
深圳市
广东省
518116
CN
マネージャー：Kanavi",https://www.amazon.co.jp/gp/help/seller/at-a-glance.html/ref=dp_merchant_link?seller=A2PRV68JC6BQLN,,,,,,,,Y,N,,1.03 キログラム,,195 x 30 x 5 cm,195.00 x 30.00 x 5.00 cm
B0CYC9R2GZ,サイズ: （SS）スモールシングル～（S）シングル兼用 | 色: グレー,"色:グレー | 素材構成:ナイロン, ポリウレタン | 材質:ナイロン90％ ポリウレタン10％ | サイズ:（SS）スモールシングル～（S）シングル兼用 | パターン:無地",SunshineLife,SunshineLife のびのびボックスシーツ 冷感 シーツ Q-MAX0.525 夏用 シングル～セミシングル兼用 マチ約32cm 接触冷感 ストレッチニット生地 ぴったりフィット マットレスカバー 敷布団 カバー 全周ゴム 着脱簡単 ひんやり 柔らかい 抗菌防臭 吸汗速乾 さらさら肌触り 通気 快適 日本企画 85～100ｘ200～210cm適用 洗える グレー,https://www.amazon.co.jp/s?k=SunshineLife,https://www.amazon.co.jp/dp/B0CYC9R2GZ,https://m.media-amazon.com/images/I/61zZS5IF+JL._AC_US600_.jpg,B0CYCFCZN2,ホーム＆キッチン:寝具:寝具カバー・シーツ:ボックスシーツ,ホーム＆キッチン,"1,118","3,580",0.76,ボックスシーツ,31,"1,125",20%,"3,224,553",100 ,"298,000 ",14,"2,980.00",,20%,,47,11.0,4.1,0.98%,465.00,66%,,2024-04-06,115 ,FBA,,9.0,1.0,SUNSHINELIFE,FBA,JP,"会社名：MIHARA Co., Ltd.
電話番号：+8618661739206
オフィス住所：
二丁目
６番３９号
印西市小林北
千葉県
2701313
JP
マネージャー：kan ding",https://www.amazon.co.jp/gp/help/seller/at-a-glance.html/ref=dp_merchant_link?seller=ASGT47I5IN78N,,,,,,,,Y,N,,0.51 キログラム,,180 x 85 x 0 cm,180.00 x 85.00 x 0.00 cm
B0C3B1QN54,サイズ: シングル・97x195x10cm | 色: ホワイト・20D,"商品の寸法:195長さ x 97幅 x 10厚み cm | 色:ホワイト・20D | トップスタイル:スムーストップ | 中身の素材:高反発ウレタンフォーム | 特徴:抗菌, プレッシャーリリーフ | サイズ:シングル・97x195x10cm | ブランド:HOMFINE | 構造タイプ:ポケットコイル | 商品の硬さ:硬い",HOMFINE,HOMFINE 高反発マットレス シングル 三つ折り 極厚10cm 20D おりたたみマットレス 高反発 ベットマット 敷き布団 凹凸加工 体圧分散 程良い硬さ 抗菌防臭 洗えるカバー 通気性がよい オールシーズン 97x195x10cm ホワイト,https://www.amazon.co.jp/s?k=HOMFINE,https://www.amazon.co.jp/dp/B0C3B1QN54,https://m.media-amazon.com/images/I/71bRUHApClL._AC_US600_.jpg,B0C3B1CBHY,ホーム＆キッチン:寝具:折りたたみマットレス,ホーム＆キッチン,"1,517","1,008",0.4,折りたたみマットレス,7,"1,091",100%,"7,615,180",50 ,"349,000 ",16,"6,980.00",,"￥1,000.00",,369,29.0,4.1,2.66%,781.00,74%,,2023-04-21,466 ,FBA,,9.0,1.0,FINETEX JP,FBA,CN,"会社名：Shandong Beilien Jiaju Keji Youxiangongsi
電話番号：+8615302673412
オフィス住所：
Yinan
Puwang
Linyi
Shandong
276300
CN
マネージャー：ZHONGFEI ZHANG",https://www.amazon.co.jp/gp/help/seller/at-a-glance.html/ref=dp_merchant_link?seller=A1TXVCFYXOSELG,,,,,,Y,,Y,Y,マットレス 折り畳み,4.09 キログラム,,195 x 97 x 10 cm,195.00 x 97.00 x 10.00 cm
B0BYYLLFVY,サイズ: クイーン～キング兼用 | 色: ホワイト,"色:ホワイト | 素材構成:ポリエステル 90%, ポリウレタン10% | 材質:ポリエステル 90% ポリウレタン10% | サイズ:クイーン～キング兼用 | パターン:無地",Lazy Sky,【3Dストレッチ・超柔らか】 ボックスシーツ クイーン～キング兼用 のびのびシーツ フィットシーツ ベッドシーツ マットレス・敷ふとん兼用 ベッドカバー マットレスカバー オールシーズン 超吸水速乾 抗菌防臭 通気性 ホワイト,https://www.amazon.co.jp/s?k=Lazy Sky,https://www.amazon.co.jp/dp/B0BYYLLFVY,https://m.media-amazon.com/images/I/71VbuMjgEgL._AC_US600_.jpg,B0BYYM5328,ホーム＆キッチン:寝具:寝具カバー・シーツ:ボックスシーツ,ホーム＆キッチン,"2,845",680,0.19,ボックスシーツ,22,"1,086",,"2,807,082",,,36,"2,680.00",,,,298,21.0,4.4,1.93%,465.00,68%,,2023-04-10,477 ,FBA,,10.0,1.0,LAZY SKY,FBA,JP,"会社名：LONGING JAPAN 株式会社
電話番号：+818064203113
オフィス住所：
あやめ池北三丁目
９番２３－４号
奈良市
奈良市
6310032
JP
マネージャー：中山 纳一",https://www.amazon.co.jp/gp/help/seller/at-a-glance.html/ref=dp_merchant_link?seller=A12U5S6EV7A85E,,,,,,,,Y,N,,0.8 キログラム,,185 x 150 x 0 cm,185.00 x 150.00 x 0.00 cm
B08C9RN8RF,サイズ: 【1】シングル(幅97cm) | 色: グレー,"商品の寸法:195長さ x 97幅 x 10厚み cm | 商品の重量:5.5 キログラム | 色:グレー | モデル名:Carres_GY | コンフォートレイヤー素材:コンフォートフォーム | 特徴:3Dセル加工ウレタン, 持ち運び用取っ手付き, 三つ折り, エコテックス認定カバー | サイズ:【1】シングル(幅97cm) | ブランド:ベッドアンドマットレス",ベッドアンドマットレス,【ベッドアンドマットレス】マットレス 三つ折り 高反発マットレス シングル 幅97cm メッシュ生地 グレー ウレタン 厚み10cm carres 3Dセル 折りたたみ 体圧分散 薄型 敷き布団 プロファイル,https://www.amazon.co.jp/s?k=ベッドアンドマットレス,https://www.amazon.co.jp/dp/B08C9RN8RF,https://m.media-amazon.com/images/I/712NQLDet8L._AC_US600_.jpg,B0D8VJX6TC,ホーム＆キッチン:寝具:折りたたみマットレス,ホーム＆キッチン,"5,363","-3,304",-1.6,折りたたみマットレス,28,"1,083",,"9,745,917",,,10,"8,999.00",,,7.0,535,0.0,4.3,0.00%,975.00,74%,,2020-04-30,"1,552 ",FBM,,9.0,1.0,ベッドアンドマットレス,FBM,JP,"会社名：株式会社ベッドアンドマットレス
電話番号：+81 87-813-4370
オフィス住所：
亀田町４７－２
高松市
香川県
7610323
JP
マネージャー：谷本善一",https://www.amazon.co.jp/gp/help/seller/at-a-glance.html/ref=dp_merchant_link?seller=A1ZEIVHVF0DPUG,,,,,,,,Y,N,,6.5 kg,6.50 kg,195 x 97 x 10 cm,195.00 x 97.00 x 10.00 cm
B0BYYTSH52,サイズ: (SS)スモールシングル~(S)シングル兼用 | 色: グリーン,"商品の寸法:180長さ x 85幅 cm | 色:グリーン | 材質:ポリウレタン, ナイロン | サイズ:(SS)スモールシングル~(S)シングル兼用 | パターン:無地",LIFERISE,LIFERISE ボックスシーツ【ひんやり·シルクタッチ】のびる 冷感 シーツカバー ベットカバー マットレスカバー 柔らか 吸水速乾 抗菌防臭 全周ゴム 着脱簡単 夏用 85～100ｘ200～210ｘ3～28cm適用 スモールシングル～シングル グリーン,https://www.amazon.co.jp/s?k=LIFERISE,https://www.amazon.co.jp/dp/B0BYYTSH52,https://m.media-amazon.com/images/I/51bpXTdcYTL._AC_US600_.jpg,B0CWNVM57N,ホーム＆キッチン:寝具:寝具カバー・シーツ:ボックスシーツ,ホーム＆キッチン,"3,648",817,0.18,ボックスシーツ,34,"1,083",,"3,227,340",,,5,"2,980.00",,,,74,4.0,4.3,0.37%,465.00,64%,,2023-03-17,501 ,FBA,,9.0,1.0,LIFERISE 寝具・インテリア 直販ショップ,FBA,CN,"会社名：qingdaoBFQZyouxiangongsi
電話番号：+8613969715987
オフィス住所：
yinzhushanlu189hao
huangdaoqu
qingdaoshi
266400
CN
マネージャー：Qing Zhu",https://www.amazon.co.jp/gp/help/seller/at-a-glance.html/ref=dp_merchant_link?seller=A2LYF26G0XZVSY,,,,,,,,Y,Y,,550 g,550.00 g,180 x 85 x 0 cm,180.00 x 85.00 x 0.00 cm
B0CM991PJP,サイズ: ダブル・140×200 | 色: カーキ,色:カーキ | 素材構成:ポリエステル | 材質:ポリエステル | サイズ:ダブル・140×200 | パターン:無地,USEEWOOW,"防水シーツ ボックスシーツ【三層構造ガサガサ音“0”】マットレスカバー 敷きパッド ベッドカバー ベッドパッド おねしょシーツ 介護シーツ ベビー用防水シーツ 敷き布団カバー 全周ゴム付き 着脱簡単 柔らかく肌に優しい 吸汗速乾 抗菌 防ダニ 丸洗い可能 オールシーズン 毛玉なしUSEEWOOW (ダブル・140×200, カーキ)",https://www.amazon.co.jp/s?k=USEEWOOW,https://www.amazon.co.jp/dp/B0CM991PJP,https://m.media-amazon.com/images/I/71Y68whXp-L._AC_US600_.jpg,B0CM99VQ2S,ホーム＆キッチン:寝具:寝具カバー・シーツ:ボックスシーツ,ホーム＆キッチン,"7,701","-1,730",-0.29,ボックスシーツ,37,"1,042",56%,"3,255,010",50 ,"164,000 ",14,"3,280.00","2,952.00",,,125,15.0,4.3,1.44%,514.00,69%,,2023-10-30,274 ,FBA,,9.0,1.0,USEEWOOW 公式ショップ,FBA,CN,"会社名：zhengzhouhaituoshangmaoyouxiangongsi
電話番号：+8618695813870
オフィス住所：
红专路84号院4号楼2单元4楼19号
マネージャー：Ling Yang",https://www.amazon.co.jp/gp/help/seller/at-a-glance.html/ref=dp_merchant_link?seller=AFNV8ZJUXQTWX,,,,,,,,Y,N,,0.97 キログラム,,26 x 32 x 0 cm,26.00 x 32.00 x 0.00 cm
B098K7VHF4,サイズ: ボックスシーツ（クイーン-160×200×30cm） | 色: ピンク,,KJADA,"ボックスシーツ クイーン 高级綿100％ ホテル品質 シーツ ベッドシーツ サテン織り 300本高密度生地 マットレスカバー ベッドカバー 防ダニ 抗菌 滑らか 柔らかい (ピンク, ボックスシーツ（クイーン-160×200×30cm）)",https://www.amazon.co.jp/s?k=KJADA,https://www.amazon.co.jp/dp/B098K7VHF4,https://m.media-amazon.com/images/I/41n4zUpfSAL._AC_US600_.jpg,B07GSRM147,ホーム＆キッチン:寝具:寝具カバー・シーツ:ボックスシーツ,ホーム＆キッチン,"1,880",394,0.17,ボックスシーツ,25,"1,040",,"4,243,200",,,36,"4,080.00",,,3.0,740,14.0,4.3,1.35%,485.00,73%,,2018-08-22,"2,169 ",FBA,,9.0,1.0,KJADA,FBA,CN,"会社名：long dan
電話番号：+8618171412446
オフィス住所：
tongzhouqujinchuandadaojiafangcheng
nantong
jiangsu
226000
CN
マネージャー：longdan",https://www.amazon.co.jp/gp/help/seller/at-a-glance.html/ref=dp_merchant_link?seller=AO4V8K4OPN9IX,,,,,,,,Y,N,,0.68 キログラム,,200 x 160 x 0 cm,200.00 x 160.00 x 0.00 cm
B083LY9JNH,サイズ: ダブル | パターン名: 04.【ふっくらシーツセット】+ケット&シーツ | 色: 03.DDウイング(ブルー),色:03.DDウイング(ブルー) | 特徴:折り畳み式 | サイズ:ダブル | ブランド:Magniflex(マニフレックス) | 構造タイプ:二層構造 | 対象年齢:全年齢,Magniflex(マニフレックス),【セット買い】マニフレックス 三つ折り マットレス 高反発 2層構造 DDウィング ダブル ＋ フラットシーツ ケット&シーツ オフホワイト ダブル/クイーン対応,https://www.amazon.co.jp/s?k=Magniflex(マニフレックス),https://www.amazon.co.jp/dp/B083LY9JNH,https://m.media-amazon.com/images/I/71j4c1GmvJL._AC_US600_.jpg,B0D6Y1ZV56,ホーム＆キッチン:寝具:折りたたみマットレス,ホーム＆キッチン,"5,848",-77,-0.01,折りたたみマットレス,30,"1,039",,"114,290,000",,,98,"110,000.00",,,31.0,"1,330",33.0,4.3,3.18%,,85%,,2020-01-07,"1,666 ",,,,1.0,Amazon.co.jp,,,,,,,,,,,,,N,,,,,
B0CHVXKDRF,色: グレー | サイズ: ダブル 140*200cm,"色:グレー | 素材構成:ポリエステル | 材質:ポリエステル, ポリウレタン | サイズ:ダブル 140*200cm | パターン:無地",PRETYDAY,PRETYDAY ボックスシーツ 防水シーツ 2024 高密度生地 マットレスカバー 五面防水 吸水速乾 シングル セミダブル ダブル クイーン ベッドカバー 通気性 洗える 介護用 シーツ 防ダニ 抗菌 防臭 全周ゴム付き ズレ防止 赤ちゃん 大人用,https://www.amazon.co.jp/s?k=PRETYDAY,https://www.amazon.co.jp/dp/B0CHVXKDRF,https://m.media-amazon.com/images/I/71QJyMvd65L._AC_US600_.jpg,B0CHVX93M3,ホーム＆キッチン:寝具:寝具カバー・シーツ:ボックスシーツ,ホーム＆キッチン,"3,069",-17,-0.01,ボックスシーツ,25,"1,027",100%,"2,619,723",100 ,"268,000 ",24,"2,680.00",,,,210,47.0,4.5,4.58%,514.00,61%,,2023-11-08,265 ,FBA,,9.0,1.0,【Pretyday】メーカー直営店,FBA,CN,"会社名：Lianyuanshijingshicuicandianzishangwuyouxiangongsi
電話番号：+8615387380005
オフィス住所：
doulishanzhen jinlingcun fengxingzu
loudishi lianyuanxian
Hunansheng
417100
CN
マネージャー：Peng xiaoqing",https://www.amazon.co.jp/gp/help/seller/at-a-glance.html/ref=dp_merchant_link?seller=A2UEBPC6ZLRQDZ,,,,,,Y,,Y,N,防水ボックスシーツ ダブル,600 g,600.00 g,35 x 30 x 0 cm,35.00 x 30.00 x 0.00 cm
B08S7R7QZN,サイズ: クイーン | スタイル: 硬さ:普通,"商品の寸法:195長さ x 160幅 x 22厚み cm | 商品の重量:31.24 キログラム | 色:Grey,White | コイルタイプ:ポケットコイル | 中身の素材:コットン | 特徴:プレッシャーリリーフ | サイズ:クイーン | ブランド:Inofia | 対象年齢:子供,大人 | 商品の硬さ:やや硬い",Inofia,Inofia マットレス クイーン マットレス専門ブランド 高反発マットレス 極厚22cm ベッドマットレス ポケットコイル 体圧分散 通気性 圧縮梱包 9ゾーン構造 高密度コイル 持ち運び便利 高密度ウレタン 寝返りサポート 腰の負担を軽減,https://www.amazon.co.jp/s?k=Inofia,https://www.amazon.co.jp/dp/B08S7R7QZN,https://m.media-amazon.com/images/I/813205ze0CS._AC_US600_.jpg,B08S7R7QZN,ホーム＆キッチン:家具:ベッドルーム家具:マットレス・パッド:ベッドマットレス,ホーム＆キッチン,"271,318","8,941",0.03,ベッドマットレス,11,996,,"28,767,468",,,11,"28,883.00",,,61.0,48,0.0,4.4,0.00%,"1,756.00",79%,,2021-02-12,"1,264 ",,,9.0,1.0,Amazon.co.jp,,,,,,,,,,,,Y,N,,31.24 kg,31.24 kg,195 x 160 x 22 cm,195.00 x 160.00 x 22.00 cm
B0CP9J3NK9,色: ホワイト,商品の寸法:2長さ x 1幅 m | 色:ホワイト | 材質:ポリエステル | サイズ:ボックスシーツ（100×200cm） | パターン:無地,AZRA,AZRA ボックスシーツ シングル 100X200cm マットレスシーツ ベッドカバー ピーチスキン加工 全周ゴム付き オールシーズン 通気 速乾 25㎝厚のマットレスまで対応 ホワイト,https://www.amazon.co.jp/s?k=AZRA,https://www.amazon.co.jp/dp/B0CP9J3NK9,https://m.media-amazon.com/images/I/61IF6Nyn3aL._AC_US600_.jpg,B0CZPB7P12,ホーム＆キッチン:寝具:寝具カバー・シーツ:ボックスシーツ,ホーム＆キッチン,"5,949","-1,081",-0.22,ボックスシーツ,41,907,,"1,795,860",,,6,"1,980.00",,,,42,8.0,4.3,0.88%,465.00,62%,,2022-09-01,698 ,FBA,,9.0,1.0,AZRA（株）ストリーク,FBA,JP,"会社名：株式会社ストリーク
電話番号：048-789-6212
オフィス住所：
南区南浦和2-38-6 草野ビル602
さいたま市
埼玉県
3360017
JP
マネージャー：tatsushi nakadate",https://www.amazon.co.jp/gp/help/seller/at-a-glance.html/ref=dp_merchant_link?seller=A1KCY7HCHVJCGF,,,,,,,,Y,Y,,0.48 キログラム,,200 x 100 x 0 cm,200.00 x 100.00 x 0.00 cm
B01MSMTISO,サイズ: 高さ 55cm | 色: ホワイト | スタイル: ノーマル,商品の寸法:60長さ x 40幅 x 55高さ cm | 色:ホワイト | 特徴:折りたたみ可能 | サイズ:高さ 55cm | スタイル:ノーマル,不二貿易(Fujiboeki),不二貿易 ベッドガード 転落防止 布団ずれ防止 幅60×奥行40×高さ55㎝ ホワイト ベッドフェンス 大人 ハイタイプ 怪我防止 高めのマットレスにも 完成品 15554 【Amazon.co.jp限定】,https://www.amazon.co.jp/s?k=不二貿易(Fujiboeki),https://www.amazon.co.jp/dp/B01MSMTISO,https://m.media-amazon.com/images/I/31t+mlfEoFL._AC_US600_.jpg,B0BR92727W,ホーム＆キッチン:家具:ベッドルーム家具:ベッド・ベッドフレーム:ベッドフレーム,ホーム＆キッチン,"3,127",749,0.19,ベッドフレーム,10,897,,"2,666,458",100 ,"298,000 ",13,"2,980.00",,,15.0,"4,448",20.0,4.2,2.23%,"1,020.00",51%,,2016-11-15,"2,814 ",AMZ,,9.0,1.0,Amazon,AMZ,,,,,,,,,,,Y,N,,2 kg,2.00 kg,40 x 60 x 55 cm,40.00 x 60.00 x 55.00 cm
B08BTWBFQR,サイズ: シングル | 色: スカイブルー | スタイル: ひんやりボックスシーツ(敷きパッド一体型),色:スカイブルー | 素材構成:【表地】ナイロン100%（接触冷感素材）/【裏地】ポリエステル100%(ニットワッフル）/【なか綿】ポリエステル100%/【マチ】ナイロン100% | 留め具タイプ:プルオン | サイズ:シングル | ブランド:AQUA(アクア),AQUA(アクア),AQUA ボックスシーツ 敷きパッド 一体型 シングル 夏用 Q-MAX0.542 接触 強冷感 スカイブルー ひんやり クール 接触冷感 ベッドカバー マットレスカバー 抗菌 防臭 洗える 60330102,https://www.amazon.co.jp/s?k=AQUA(アクア),https://www.amazon.co.jp/dp/B08BTWBFQR,https://m.media-amazon.com/images/I/71lhwItEwML._AC_US600_.jpg,B0D2LDNKXS,ホーム＆キッチン:寝具:ベッドパッド・敷きパッド,ホーム＆キッチン,"3,888","-1,802",-0.86,ベッドパッド・敷きパッド,62,875,,"3,173,625",,,30,"3,627.00",,,15.0,"1,663",10.0,4.0,1.14%,603.00,68%,,2020-06-24,"1,497 ",AMZ,,9.0,1.0,Amazon,AMZ,,,,,,,,,,,Y,Y,,1.34 キログラム,,200 x 100 x 0 cm,200.00 x 100.00 x 0.00 cm
B09GP5BHD3,サイズ: シングル-100x200cm シーツ | 色: オーガニック：アイボリー,,California Design Den,認定100％オーガニックコットン ボックスシーツ シングル あなたと地球のための自然に柔らかく通気性と健康的なベッドシーツ、洗濯機で洗えます、伸縮性のあるフィット感のあるマットレスカバー（シングル100x200+30cm、アイボリー）,https://www.amazon.co.jp/s?k=California Design Den,https://www.amazon.co.jp/dp/B09GP5BHD3,https://m.media-amazon.com/images/I/81VYmYMgTfL._AC_US600_.jpg,B086L2YGJ2,ホーム＆キッチン:寝具:寝具カバー・シーツ:ボックスシーツ,ホーム＆キッチン,"8,781","-2,470",-0.39,ボックスシーツ,44,862,,"2,154,138",100 ,"249,900 ",28,"2,499.00",,,,"22,883",225.0,4.3,26.10%,485.00,66%,,2021-09-19,"1,045 ",FBA,,9.0,1.0,California Design Den,FBA,US,"会社名：California Design Den Inc
電話番号：+14084208275
オフィス住所：
3001 Bishop Drive
Suite 300
SAN RAMON
CA
94583
US
マネージャー：California Design De",https://www.amazon.co.jp/gp/help/seller/at-a-glance.html/ref=dp_merchant_link?seller=A2I36DSNKA45FI,,,,,,,,,N,,431 g,431.00 g,200 x 100 x 0 cm,200.00 x 100.00 x 0.00 cm
B0CTHFPV12,サイズ: 70*180cm | 色: ブラック,"色:ブラック | 特徴:ダニ対策, 抗菌 | サイズ:70*180cm | ブランド:Housecover | 商品の硬さ:硬い",Housecover,"長座布団 ごろ寝マット 大人 お昼寝マット お昼寝布団 180cm 高反発ウレタン190N 厚さ5cm 硬め 折りたたみ 車中泊マットごろ寝布団 昼寝用マット 畳める 体圧分散 底付き感無し 高耐久 抗菌防臭 防ダニ 五つ折り コンパクト収納 簡易マットレス ごろ寝クッション (70cm×180cm, ブラック)",https://www.amazon.co.jp/s?k=Housecover,https://www.amazon.co.jp/dp/B0CTHFPV12,https://m.media-amazon.com/images/I/71iLXILffVL._AC_US600_.jpg,B0D5V77QX4,ホーム＆キッチン:寝具:折りたたみマットレス,ホーム＆キッチン,"2,143","2,843",0.57,折りたたみマットレス,8,852,,"4,020,204",100 ,"423,300 ",7,"4,233.00",,,,99,15.0,4.1,1.76%,975.00,62%,,2024-01-28,184 ,FBA,,9.0,1.0,UROOM株式会社,FBA,JP,"会社名：UROOM株式会社
オフィス住所：
堀ノ内３丁目５１－１６
ライフピアフェイム２０５号室
杉並区
東京都
1660013
JP
マネージャー：UROOM株式会社",https://www.amazon.co.jp/gp/help/seller/at-a-glance.html/ref=dp_merchant_link?seller=A1YAJNU6DXOX97,,,,,,,,Y,N,,2.24 キログラム,,180 x 70 x 5 cm,180.00 x 70.00 x 5.00 cm
B0BZY4BJGV,,商品の重量:0.45 キログラム | 電源:電源コード式 | ブランド:BEDILE | メーカー:BEDILE,BEDILE,BEDILE 電動エアーポンプ 130w エアーポンプ 空気入れ プール ポータブルポンプ 電動ポンプ 空気入れ/空気抜き 強力 3つノズル付き エアマットレス エアーベッド ゴムボート 浮き輪 プールおもちゃに適用 PSE認証取得 日本語説明書付き,https://www.amazon.co.jp/s?k=BEDILE,https://www.amazon.co.jp/dp/B0BZY4BJGV,https://m.media-amazon.com/images/I/61FbVbCCERL._AC_US600_.jpg,B0BZY4BJGV,スポーツ＆アウトドア:アウトドア:寝袋・ベッド・マット:バッグ・アクセサリ:エアーポンプ:電動エアーポンプ,スポーツ＆アウトドア,"3,213","-1,297",-0.68,アウトドア用電動エアーポンプ,25,804,467%,"1,135,376",700 ,"1,259,300 ",1,"1,799.00",,,,77,5.0,4.1,0.62%,455.00,60%,,2023-04-19,468 ,FBA,,10.0,1.0,shengxunjp,FBA,CN,"会社名：Weifangshishengxunmaoyiyouxiangongsi
電話番号：+8617727979629
オフィス住所：
hantingqutongtingjie565hao
ouzhouxiaozhendongqu7haolou1-102
weifangshi
Shandongsheng
261000
CN
マネージャー：Yonghua Yan",https://www.amazon.co.jp/gp/help/seller/at-a-glance.html/ref=dp_merchant_link?seller=A2M7DB9ULZMVSH,,,,,,,,Y,N,,450 g,450.00 g,13.6 x 12.2 x 10.2 cm,13.60 x 12.20 x 10.20 cm
B06XN5F8TB,サイズ: シングル·100x200x30cm | 色: サーモンピンク,色:サーモンピンク | 素材構成:ワッシャー加工綿100% | 材質:コットン | サイズ:シングル·100x200x30cm | パターン:無地,AVA.Home,ボックスシーツ シングル マットレスカバー オーガニックコットン マチ30㎝ 洗いざらしの綿100% ベッドシーツ BOXシーツ 防ダニ サーモンピンク,https://www.amazon.co.jp/s?k=AVA.Home,https://www.amazon.co.jp/dp/B06XN5F8TB,https://m.media-amazon.com/images/I/71taHMMZhDL._AC_US600_.jpg,B07X7ZTSXR,ホーム＆キッチン:寝具:寝具カバー・シーツ:ボックスシーツ,ホーム＆キッチン,"7,223","-2,293",-0.47,ボックスシーツ,45,799,,"2,860,420",,,98,"3,580.00",,,,474,4.0,4.4,0.50%,514.00,71%,,2017-02-26,"2,711 ",FBA,,7.0,2.0,Gold heart,FBA,CN,"会社名：nantong deshi guoji maoyi youxiangongsi
電話番号：86-18115310727
オフィス住所：
jiangsusheng nantongshi chongchuanqu
nanchuanyuan82-308
nantong
226007
CN
マネージャー：ヒョウサンキン",https://www.amazon.co.jp/gp/help/seller/at-a-glance.html/ref=dp_merchant_link?seller=A7275IYXF95IA,,,,,,,,Y,N,,0.52 キログラム,,200 x 100 x 0 cm,200.00 x 100.00 x 0.00 cm
B0948VP4CN,,商品の形状:ワイプ | ブランド:ダニランドリー | ユニット数:10.00 枚 | メーカー:ダニランドリー,ダニランドリー,【長崎県立大学と共同開発】 ダニランドリー 10枚入り ダニ捕りシート ダニ取り ダニシート 対策 布団 枕 カバー ベッド シーツ マットレス 犬 猫 ベビー 貼るタイプ,https://www.amazon.co.jp/s?k=ダニランドリー,https://www.amazon.co.jp/dp/B0948VP4CN,https://m.media-amazon.com/images/I/61m9P0qiGaL._AC_US600_.jpg,B0948VP4CN,ホーム＆キッチン:寝具:寝具カバー・シーツ:ボックスシーツ,ホーム＆キッチン,"3,103","2,726",0.47,ボックスシーツ,29,783,68%,"1,252,017",500 ,"799,500 ",1,"1,599.00",,,,171,9.0,3.8,1.15%,288.00,67%,,2021-02-20,"1,256 ",FBA,,9.0,1.0,Life Reach,FBA,JP,"会社名：LIFEFULL【30日間返品返金保証】
電話番号：08084401349
オフィス住所：
神山町１０－２
１１０１
渋谷区
東京都
1500047
JP
マネージャー：村上 サトキ",https://www.amazon.co.jp/gp/help/seller/at-a-glance.html/ref=dp_merchant_link?seller=A38H0DMG8EFLDY,,,,,,,,Y,N,,30 g,30.00 g,18.7 x 13.9 x 0.8 cm,18.70 x 13.90 x 0.80 cm
B0D4M4N62P,サイズ: 厚さ6cm-セミダブル | 色: グレー,商品の寸法:195長さ x 120幅 x 10厚み cm | 色:グレー | ブランド:ATOPEN,ATOPEN,マットレス セミダブル 3つ折り- ATOPEN 高反発マットレス 厚さ6cm 折り畳みマットレス 密度30D 硬さ180N 洗えるカバー 竹炭消臭 敷布 120x195x6cm グレー,https://www.amazon.co.jp/s?k=ATOPEN,https://www.amazon.co.jp/dp/B0D4M4N62P,https://m.media-amazon.com/images/I/811byX+pdOL._AC_US600_.jpg,B0D4MH64M8,ホーム＆キッチン:寝具:折りたたみマットレス,ホーム＆キッチン,"4,499",-827,-0.23,折りたたみマットレス,24,782,,"8,512,852",,,15,"11,685.00",,,,234,24.0,4.7,3.07%,975.00,77%,,2024-05-19,72 ,FBA,,10.0,1.0,ATOPEN-Direct,FBA,CN,"会社名：hangzhou yanlan keji youxian gongsi
電話番号：+8613021157886
オフィス住所：
闲林街道
天目山西路230号A区3楼1369室
浙江省杭州市
余杭区
311122
CN
マネージャー：Yan Lin",https://www.amazon.co.jp/gp/help/seller/at-a-glance.html/ref=dp_merchant_link?seller=A2AOZ9GIL6LHAS,,,,,,,,Y,N,,6.7 キログラム,,195 x 120 x 10 cm,195.00 x 120.00 x 10.00 cm
B092LZ578X,サイズ: セミダブル・120X200X30cm | 色: ブラウン,商品の寸法:2長さ x 1.2幅 m | 色:ブラウン | 材質:ポリエステル | サイズ:セミダブル・120X200X30cm | パターン:無地,PAZANA,"ボックスシーツ 吸水速乾 マットレスカバー ベッドシーツ シーツ ベッドカバー 柔らかな触感 吸汗 マチ部分約30cm 着脱簡単 通気性 丸洗い可能 快眠 (ブラウン, セミダブル・120X200X30cm)",https://www.amazon.co.jp/s?k=PAZANA,https://www.amazon.co.jp/dp/B092LZ578X,https://m.media-amazon.com/images/I/51ZAreKCDjL._AC_US600_.jpg,B0949FQP6R,ホーム＆キッチン:寝具:寝具カバー・シーツ:ボックスシーツ,ホーム＆キッチン,"9,172","-2,582",-0.39,ボックスシーツ,50,756,,"1,334,990",,,33,"1,880.00",,,8.0,"1,617",10.0,4.3,1.32%,485.00,58%,,2021-03-06,"1,242 ",FBA,,10.0,1.0,PAZANA 寝具専門店,FBA,CN,"会社名：linyiyi
オフィス住所：
BAOANXIXIANGTAIJIEDAO
TAIHUAHAOYUAN5DONG315HAO
SHENZHENSHI
GUANGDONGSHENG
518000
CN
マネージャー：三橋",https://www.amazon.co.jp/gp/help/seller/at-a-glance.html/ref=dp_merchant_link?seller=A281DWVJ26AWLY,,,,,,,,Y,N,,0.44 キログラム,,200 x 120 x 0 cm,200.00 x 120.00 x 0.00 cm
B0CL4Q6D4S,サイズ: ダブル | 色: グレー,商品の寸法:195長さ x 140幅 x 10厚み cm | 商品の重量:8.3 キログラム | 色:グレー | 中身の素材:高反発ウレタンフォーム | 特徴:折り畳み式 | 折りたたみ式:はい | サイズ:ダブル | ブランド:WEIMALL | 商品の硬さ:硬い,WEIMALL,WEIMALL マットレス ダブル 極厚10cm 高反発 190N 折りたたみ 三つ折り 洗えるカバー ベットマットレス 折りたたみマットレス 敷布団 折り畳み 圧縮梱包 ウレタン おしゃれ 布団 寝具 マット 新生活 （グレー） FEB004GY,https://www.amazon.co.jp/s?k=WEIMALL,https://www.amazon.co.jp/dp/B0CL4Q6D4S,https://m.media-amazon.com/images/I/51cslYfQ8zL._AC_US600_.jpg,B0D4Z2NDVN,ホーム＆キッチン:寝具:折りたたみマットレス,ホーム＆キッチン,"3,032",173,0.05,折りたたみマットレス,19,752,,"7,496,560",,,24,"9,999.00",,,,158,28.0,4.3,3.72%,"1,100.00",74%,,2023-10-09,295 ,FBM,,8.0,2.0,WEIMALL,FBM,JP,"会社名：WEIWEIホールディングス株式会社
電話番号：050-8882-5001
オフィス住所：
舞鶴１－１－８
孔ホーリーランド天神５Ｆ
中央区
福岡県
8100073
JP
マネージャー：後藤麻衣子",https://www.amazon.co.jp/gp/help/seller/at-a-glance.html/ref=dp_merchant_link?seller=A1J3GD8T9MJHP,,,,,,,,Y,N,,8.3 kg,8.30 kg,195 x 140 x 10 cm,195.00 x 140.00 x 10.00 cm
B0BY8XLY4S,サイズ: セミダブル・120X200X30cm | 色: ブルー,色:ブルー | 素材構成:100％ポリエステルです | 材質:ポリエステルです | サイズ:セミダブル・120X200X30cm | パターン:無地,ZAMLYSYS,"ボックスシーツ シーツ シングル ダブル セミダブル クイーン マットレスカバー 柔らかな触感 吸湿速乾 毛玉なし 抗菌防臭・防ダニ 通気性 マチ30cm 着脱簡単 洗える 選べる6サイズ 8色 (セミダブル・120X200X30cm, ブルー)",https://www.amazon.co.jp/s?k=ZAMLYSYS,https://www.amazon.co.jp/dp/B0BY8XLY4S,https://m.media-amazon.com/images/I/71GcVBOAuHL._AC_US600_.jpg,B0CKYY9PWR,ホーム＆キッチン:寝具:寝具カバー・シーツ:ボックスシーツ,ホーム＆キッチン,"3,880","3,003",0.44,ボックスシーツ,29,746,,"1,327,880",,,54,"1,780.00",,,,70,7.0,4.3,0.94%,318.00,67%,,2023-05-09,448 ,FBA,,9.0,1.0,ZAMLYSYS,FBA,CN,"会社名：Chen Manling
電話番号：+8615271093160
オフィス住所：
XiangchengQu yujiahu street
マネージャー：chenmanling",https://www.amazon.co.jp/gp/help/seller/at-a-glance.html/ref=dp_merchant_link?seller=A388ZSY9ZIGNI8,,,,,,,,Y,Y,,0.41 キログラム,,200 x 100 x 0 cm,200.00 x 100.00 x 0.00 cm
B0CZNDLG4W,サイズ: セミダブル | 色: ブルー,商品の寸法:2長さ x 1.2幅 m | 色:ブルー | 材質:ポリエステル | サイズ:セミダブル | パターン:無地,BLACK BADGER,【Q-max0.5】冷感 夏用 パッド一体型ボックスシーツ シングル セミダブル ダブル 接触冷感 冷感シーツ マットレスカバー ベッドシーツ抗菌防臭 丸洗いOK 速乾 (ブルー ・ 120*200cm),https://www.amazon.co.jp/s?k=BLACK BADGER,https://www.amazon.co.jp/dp/B0CZNDLG4W,https://m.media-amazon.com/images/I/71pnYcrErML._AC_US600_.jpg,B0CZNT9DV9,ホーム＆キッチン:寝具:寝具カバー・シーツ:ボックスシーツ,ホーム＆キッチン,"7,523","-2,602",-0.53,ボックスシーツ,28,746,9%,"2,588,866",50 ,"143,600 ",6,"2,872.00",,,,55,14.0,4.1,1.88%,485.00,68%,,2024-04-01,120 ,FBA,,9.0,1.0,HEPELL,FBA,CN,"会社名：fujianshenglongyanshidamowangmaoyiyouxiangongsi
電話番号：+8618659769280
オフィス住所：
中城新中路
72号
龙岩市
新罗区
福建省
364000
CN
マネージャー：si wei li",https://www.amazon.co.jp/gp/help/seller/at-a-glance.html/ref=dp_merchant_link?seller=A3EPAA1BGH51ET,,,,,,,,Y,Y,,0.98 キログラム,,200 x 120 x 0 cm,200.00 x 120.00 x 0.00 cm
B077ZMTBK7,サイズ: ●ダブル/マットレス(グレー色)付き | 色: ブラック,商品の寸法:2.11長さ x 1.41幅 x 0.7高さ m | 特徴:ダブル | サイズ:●ダブル/マットレス(グレー色)付き | 材質:木材 | スタイル:シンプル,ビックスリー,ビックスリー ベッド キャスター付き 引き出し収納 木製 棚付き 宮付き コンセント付き ブラック ダブル ポケットコイルマットレス付(グレー色),https://www.amazon.co.jp/s?k=ビックスリー,https://www.amazon.co.jp/dp/B077ZMTBK7,https://m.media-amazon.com/images/I/71B10RKgr9L._AC_US600_.jpg,B083J61ZV1,ホーム＆キッチン:家具:ベッドルーム家具:ベッド・ベッドフレーム:ベッドフレーム,ホーム＆キッチン,"4,848","1,596",0.25,ベッドフレーム,12,734,,"42,564,660",,,20,"57,990.00",,,53.0,"1,149",13.0,3.7,1.77%,,85%,,2018-09-25,"2,135 ",FBM,,8.0,1.0,ルームクリエイト,FBM,JP,"会社名：ナカバヤシ株式会社
電話番号：05035401048
オフィス住所：
西町４－２－１
さいたま市岩槻区
埼玉県
3390067
JP
マネージャー：渡辺賢司",https://www.amazon.co.jp/gp/help/seller/at-a-glance.html/ref=dp_merchant_link?seller=A1WRUZ6U8GIHZX,,,,,,,,Y,Y,,,,211 x 140.5 x 70 cm,211.00 x 140.50 x 70.00 cm
B0CTTL4J4R,サイズ: セミダブル,商品の寸法:195長さ x 120幅 x 10厚み cm | 色:ブラック | 商品の重量:4.92 キログラム | ブランド:HOME COCCI,HOME COCCI,マットレス セミダブル 【凹凸加工で理想の寝姿勢へ】3つ折り 高反発マットレス プロファイル加工 折り畳み ベットマット 敷布団 腰痛 極厚10㎝ 体圧分散 竹炭 抗菌防臭 ブラック HOMECOCCI,https://www.amazon.co.jp/s?k=HOME COCCI,https://www.amazon.co.jp/dp/B0CTTL4J4R,https://m.media-amazon.com/images/I/51OJ3YKYr9L._AC_US600_.jpg,B0CXX3PQD8,ホーム＆キッチン:寝具:折りたたみマットレス,ホーム＆キッチン,"8,182","2,051",0.2,折りたたみマットレス,55,727,,"7,255,460",100 ,"998,000 ",3,"9,980.00",,,,30,14.0,3.8,1.93%,"1,020.00",75%,,2024-02-17,164 ,FBA,,9.0,1.0,【安心日本メーカーサポート】HOME COCCI,FBA,JP,"会社名：株式会社新陽トレーディング
電話番号：03-6661-9986
オフィス住所：
日本橋小舟町１３－１０
日本橋吉橋ビル
中央区
東京都
1030024
JP
マネージャー：北原 春弥",https://www.amazon.co.jp/gp/help/seller/at-a-glance.html/ref=dp_merchant_link?seller=A1DB8TSMR0G1ME,,,,,,,,Y,N,,4.92 kg,4.92 kg,195 x 120 x 10 cm,195.00 x 120.00 x 10.00 cm
B07TWY3CQD,色: 20cm幅ホワイト（ベロアカバー有り）,色:20cm幅ホワイト（ベロアカバー有り） | 素材構成:コットン | 特徴:すきま防止 | サイズ:195*20*10cm | ブランド:kurevy,kurevy,【kurevy 2点セット】高級ベロアカバー付 ベッド すきまパッド+マットレスバンド ベッド すきまスペーサー 隙間パッド マットレス すきま 隙間 埋める 隙間埋め すきま防止 ズレ防止 ベッド 連結 固定ベルト10m 195*20*10cm イラスト日本語取付説明書付き 日本メーカー国内検品済 ホテル品質(20cm幅ホワイト（ベロアカバー有り）),https://www.amazon.co.jp/s?k=kurevy,https://www.amazon.co.jp/dp/B07TWY3CQD,https://m.media-amazon.com/images/I/619gf2TtVKL._AC_US600_.jpg,B086S6RXFS,ホーム＆キッチン:寝具:ベッドパッド・敷きパッド,ホーム＆キッチン,"4,524","3,357",0.43,ベッドパッド・敷きパッド,66,722,,"3,964,487",50 ,"274,000 ",5,"5,480.00",,,14.0,"1,884",17.0,4.1,2.35%,485.00,76%,,2019-07-08,"1,849 ",FBA,,7.0,1.0,kurevy 正規メーカー直営店〜安心・安全・迅速のFBA発送(プライム会員様送料無料),FBA,JP,"会社名：小林大介
電話番号：05036954992
オフィス住所：
原二丁目１０番３３号
福岡市早良区
福岡県
8140022
JP
マネージャー：小林",https://www.amazon.co.jp/gp/help/seller/at-a-glance.html/ref=dp_merchant_link?seller=A28R3R29Y8ID4N,,,,,,,,,Y,,1.05 キログラム,,195 x 10 x 20 cm,195.00 x 10.00 x 20.00 cm
B0BV2GHBCL,,色:グレー | モデル名:R3 | ブランド:Yadea | 容量:1600 ml | スタイル:キャニスター式,Yadea,2024新登場 Yadea R3 カーペットクリーナー18000Pa超強吸引力 カーペット洗浄機 布洗浄機 染み抜き ソファクリーナー 絨毯クリーナー 水洗い 車用掃除機 バキュームクリーナーソファ洗浄 乾湿両用掃除機 カーペット/マットレス/布製品/ペットシート/車内/ラグ/ソファ/絨毯/ぬいぐるみ/掃除用品,https://www.amazon.co.jp/s?k=Yadea,https://www.amazon.co.jp/dp/B0BV2GHBCL,https://m.media-amazon.com/images/I/71tzIXyHcgL._AC_US600_.jpg,B0BV2GHBCL,ホーム＆キッチン:家電:生活家電:スチームクリーナー,ホーム＆キッチン,"40,889","-30,517",-2.94,スチームクリーナー,21,720,98%,"10,965,600",,,1,"15,998.00",,,,37,17.0,4.1,2.36%,603.00,81%,,2022-12-11,597 ,,,9.0,1.0,Yadea公式ストア,,CN,"会社名：SHENZHENSHI FENGCHAO XINJISHU YOUXIANGONGSI
電話番号：+8619129304084
オフィス住所：
龙华街道清湖社区雪岗北路
恒博利荣丰产业园C座7层729-18
深圳市
龙华区
广东省
518129
CN
マネージャー：FUNG LAU",https://www.amazon.co.jp/gp/help/seller/at-a-glance.html/ref=dp_merchant_link?seller=A3OD5903HZIMBD,,,,,,,,Y,Y,,4.64 キログラム,,33 x 21 x 34 cm,33.00 x 21.00 x 34.00 cm
B07XSNQFJL,カラー: ②日本製 ホワイト,,un doudou,un doudou 日本製 ベビー ミニサイズ 固綿敷布団 60×90cm 厚み5cm マットレス 2つ折タイプ 無地 ホワイト 10-18JPN,https://www.amazon.co.jp/s?k=un doudou,https://www.amazon.co.jp/dp/B07XSNQFJL,https://m.media-amazon.com/images/I/31jm5tRosLL._AC_US600_.jpg,B084GQM23N,ベビー＆マタニティ:ベビー布団・寝具:ベビー布団:敷き布団,ベビー＆マタニティ,292,90,0.24,ベビー敷き布団,3,715,,"3,567,850",,,15,"4,990.00",,,,471,5.0,4.5,0.70%,,85%,,2019-09-11,"1,784 ",FBM,,7.0,1.0,,FBM,,,,,,,,,,,Y,N,,1.2 kg,1.20 kg,90 x 60 x 5 cm,90.00 x 60.00 x 5.00 cm
B093KTPLZ8,サイズ: セミダブル | 色: ネイビー,商品の寸法:195長さ x 120幅 x 10厚み cm | 商品の重量:5.52 キログラム | 色:ネイビー | 中身の素材:ウレタンフォーム | 特徴:高反発 | サイズ:セミダブル | ブランド:棉素 Mensu | 構造タイプ:フォーム | 対象年齢:大人 | 商品の硬さ:硬い,棉素 Mensu,Mensu 高反発マットレス セミダブル 極厚10㎝ ベットマット 凹凸加工 体圧分散 敷布団 密度25D 硬さ210N 復元率98％ マットレス 防ダニ 抗菌防臭 おりたたみマットレス コンパクト カバー洗える 120 x 195㎝ ネイビー,https://www.amazon.co.jp/s?k=棉素 Mensu,https://www.amazon.co.jp/dp/B093KTPLZ8,https://m.media-amazon.com/images/I/81dffi1KIsL._AC_US600_.jpg,B0BY1D61PV,ホーム＆キッチン:寝具:折りたたみマットレス,ホーム＆キッチン,"4,385","2,798",0.39,折りたたみマットレス,26,715,,"6,201,910",50 ,"464,000 ",6,"9,280.00",,,10.0,908,19.0,3.9,2.66%,"1,020.00",74%,,2021-04-26,"1,191 ",FBA,,9.0,1.0,VK Living,FBA,CN,"会社名：Qingdao Vanking Home Furnishings Co.,Ltd
オフィス住所：
ROOM501, BUILDING 9, GUOJIN CENTER, NO.156 SHENZHEN ROAD
LAOSHAN DISTRICT
QINGDAO
266101
CN
マネージャー：Zhu Zijie",https://www.amazon.co.jp/gp/help/seller/at-a-glance.html/ref=dp_merchant_link?seller=APO3IFPUUH140,,,,,,,,Y,Y,,5.52 kg,5.52 kg,195 x 120 x 10 cm,195.00 x 120.00 x 10.00 cm
B0BPSSKWJ8,サイズ: 85x200～100x210cm兼用 | 色: ピンク,色:ピンク | 素材構成:【商品仕様】天然コットン95% ポリウレタン5% | 材質:天然コットン95% ポリウレタン5% | サイズ:85x200～100x210cm兼用 | パターン:無地,ＧＵＲＹＦＯｃＸ,ＧＵＲＹＦＯｃＸ 【ぐ～ンと伸びる＋天然コットン】ボックスシーツ シングル・セミシングル兼用 のびのび 着脱簡単 抗菌防臭 吸水速乾 洗えるベッドカバー 85x200～100x210cmマットレス・敷ふとん兼用 ピンク,https://www.amazon.co.jp/s?k=ＧＵＲＹＦＯｃＸ,https://www.amazon.co.jp/dp/B0BPSSKWJ8,https://m.media-amazon.com/images/I/51zq+lLCNcL._AC_US600_.jpg,B0C4KLFVK2,ホーム＆キッチン:寝具:寝具カバー・シーツ:ボックスシーツ,ホーム＆キッチン,"11,138",-388,-0.1,ボックスシーツ,322,709,-6%,"1,706,024",,,20,"2,580.00",,10%,,506,1.0,4.1,0.14%,465.00,67%,,2023-02-28,518 ,FBA,,10.0,1.0,GURYFOCX,FBA,CN,"会社名：QINDAO YOUSITE GUOJIMAOYIYOUXIANGONGSI
電話番号：+8616678785581
オフィス住所：
SHIBEIQU KUNSHANLU17HAO 7080ZHONGXINGUANGCHANG1-804
QINGDAO
SHANDONG
266000
CN
マネージャー：YIN ZHAO",https://www.amazon.co.jp/gp/help/seller/at-a-glance.html/ref=dp_merchant_link?seller=A30QU0ZU8WKPAC,,,,,,,,Y,Y,,500 g,500.00 g,170 x 80 x 0 cm,170.00 x 80.00 x 0.00 cm
B089XW59DT,色: ホワイト,色:ホワイト | 素材構成:ポリエステル60% スポンジ40% | 材質:ポリエステル | サイズ:フリーサイズ | パターン:無地,IMIEE,IMIEE ベッド 隙間パッド すきまパッド マットレス パッド ワイド 幅30cm 2つ接続ベルト すきまスペーサー 隙間スペーサー ベッド隙間 埋めパッド すきま パッド ベルト ズレ防止 連結固定 【2つ接続ベルト＆幅30cm】 (ホワイト),https://www.amazon.co.jp/s?k=IMIEE,https://www.amazon.co.jp/dp/B089XW59DT,https://m.media-amazon.com/images/I/51RHRsvLtRL._AC_US600_.jpg,B0CSNQ3QX9,ホーム＆キッチン:寝具:ベッドパッド・敷きパッド,ホーム＆キッチン,"4,060","-2,004",-0.97,ベッドパッド・敷きパッド,70,685,23%,"2,612,213",400 ,"1,552,000 ",2,"3,880.00",,,,138,6.0,3.8,0.88%,514.00,72%,,2020-06-09,"1,512 ",FBA,,9.0,1.0,i-graphyjp,FBA,CN,"会社名：黄山辰扬网络科技有限公司
電話番号：+86 130 6376 6226
オフィス住所：
Huangshanqu
マネージャー：宋健",https://www.amazon.co.jp/gp/help/seller/at-a-glance.html/ref=dp_merchant_link?seller=A2TY6O96JKW0PY,,,,,,,,Y,Y,,1.16 キログラム,,200 x 30 x 0 cm,200.00 x 30.00 x 0.00 cm
B0BF4G8B2L,サイズ: 140×200cm | 色: ネイビー,"色:ネイビー | 素材構成:ポリエステル, 防水素材 | 特徴:防水, 洗える, 耐久性, 柔らかくて快適 | サイズ:140×200cm | ブランド:mafudoxi",mafudoxi,Mafudoxi 防水 敷きパッド ダブル 防水パッド ベッドパッド 敷パッド マットレスパッド ベッドシーツ ベッドマット 敷きカバー マットレスカバー マットレス 抗菌・防臭・防ダニ 通気性 吸汗 速乾 毛玉なし 洗える 四隅強化ゴムバンド付き オールシーズンで使える (ダブル・140×200cm・ネイビー),https://www.amazon.co.jp/s?k=mafudoxi,https://www.amazon.co.jp/dp/B0BF4G8B2L,https://m.media-amazon.com/images/I/71zR+dLETTL._AC_US600_.jpg,B0BF537BB4,ホーム＆キッチン:寝具:ベッドパッド・敷きパッド,ホーム＆キッチン,"3,493",745,0.18,ベッドパッド・敷きパッド,43,674,,"1,979,180",50 ,"149,000 ",15,"2,980.00",,,,212,13.0,4.0,1.93%,514.00,68%,,2023-01-19,558 ,FBA,,9.0,1.0,YDSD,FBA,CN,"会社名：nantongdaoshandianzishangwuyouxiangongsi
電話番号：+8613222192918
オフィス住所：
三星镇叠石村
十六组16号
南通
海门
江苏
226000
CN
マネージャー：Jie Chen",https://www.amazon.co.jp/gp/help/seller/at-a-glance.html/ref=dp_merchant_link?seller=A3CLV7EJBIN3MA,,,,,,,,Y,Y,,900 g,900.00 g,200 x 140 x 2 cm,200.00 x 140.00 x 2.00 cm
B0CYP7BVVB,サイズ: キング・180X200cm | 色: ネイビー,商品の寸法:2長さ x 1.8幅 m | 色:ネイビー | サイズ:キング・180X200cm | ブランド:ATOKAZO | メーカー:ATOKAZO,ATOKAZO,"Atokazo 接触冷感 ボックスシーツ キング パッド一体型ボックシーツ 3Dメッシュ ムレにくい ひんやり クール Q-MAX0.483 夏 夏用 汗取り 吸水 通気 速乾 中綿 丸洗い 洗える 涼感 涼しい 冷たい エアーパッド BOXシーツ ベッドシーツ シーツ マットレスカバー 冷感寝具 節電(180X200cm, ネイビー)",https://www.amazon.co.jp/s?k=ATOKAZO,https://www.amazon.co.jp/dp/B0CYP7BVVB,https://m.media-amazon.com/images/I/71+ZmHqbSdL._AC_US600_.jpg,B0CY5BXYBB,ホーム＆キッチン:寝具:寝具カバー・シーツ:ボックスシーツ,ホーム＆キッチン,"11,567","-2,639",-0.3,ボックスシーツ,35,670,,"3,336,600",,,12,"4,980.00",,,,32,8.0,4.4,1.19%,603.00,73%,,2024-03-20,132 ,FBA,,7.0,1.0,Atokazo,FBA,CN,"会社名：Zhejiang Qianjia Daily Necessities Co., Ltd
電話番号：+8613714979119
オフィス住所：
浙江省
义乌市福田街道九如堂村里新屋20号楼1楼
金华市
浙江省
322001
CN
マネージャー：Shuai Zhao",https://www.amazon.co.jp/gp/help/seller/at-a-glance.html/ref=dp_merchant_link?seller=AKSDFCB8PPORV,,,,,,,,,N,,1.89 キログラム,,200 x 180 x 0 cm,200.00 x 180.00 x 0.00 cm
B0D3J747TM,色: アイボリー | サイズ: クイーン,色:アイボリー | 素材構成:100％コットン | 材質:コットン | サイズ:クイーン | パターン:無地,ＦＡＭＯＯ,ボックスシーツ 綿100％ クイーン シーツ 200本ブロード 抗菌防臭 防ダニー加工 素肌にやさしい 吸湿通気 ベッドシーツ ベッドカバー マットレスカバー 敷き布団カバー BN 160x200㎝,https://www.amazon.co.jp/s?k=ＦＡＭＯＯ,https://www.amazon.co.jp/dp/B0D3J747TM,https://m.media-amazon.com/images/I/61TrkWgsMXL._AC_US600_.jpg,B0D3JV89P1,ホーム＆キッチン:寝具:寝具カバー・シーツ:ボックスシーツ,ホーム＆キッチン,"4,295","2,885",0.4,ボックスシーツ,35,648,101%,"3,162,240",,,60,"4,880.00",,,,30,3.0,4.5,0.46%,514.00,67%,,2024-05-06,85 ,FBA,,9.0,1.0,FAMOO生活館,FBA,JP,"会社名：FAMOO
電話番号：+818049398666
オフィス住所：
千葉市中央区
中央1－7－8シグマビル9Ａ， 株式会社ＦＡＭ
千葉市
千葉県
2600013
JP
マネージャー：株式会社FAMOO",https://www.amazon.co.jp/gp/help/seller/at-a-glance.html/ref=dp_merchant_link?seller=A3SXCW0QC2EPES,,,,,,,,Y,N,,0.72 キログラム,,200 x 160 x 0 cm,200.00 x 160.00 x 0.00 cm
B0CWPF1X16,サイズ: ボックスシーツ・ダブル | 色: ホワイト,色:ホワイト | 素材構成:綿100％ガーゼ | 材質:コットン | サイズ:ボックスシーツ・ダブル | パターン:無地,SE SOFTEXLY,SE ボックスシーツ ダブル 綿100％ ガーゼ ベッドシーツ マットレス/ベッド/敷き布団カバー 柔らかい 吸湿通気 抗菌·防ダニ 全周ゴム付き ずれない 洗える オールシーズン (140X200cm・ホワイト) 「SE Softexly」,https://www.amazon.co.jp/s?k=SE SOFTEXLY,https://www.amazon.co.jp/dp/B0CWPF1X16,https://m.media-amazon.com/images/I/619mkjUcEwL._AC_US600_.jpg,B0CWPM29KX,ホーム＆キッチン:寝具:寝具カバー・シーツ:ボックスシーツ,ホーム＆キッチン,"8,628","-1,845",-0.27,ボックスシーツ,91,628,,"2,331,864",,,49,"3,880.00",,,,52,6.0,4.6,0.96%,514.00,72%,,2024-02-27,154 ,FBA,,9.0,1.0,SE SOFTEXLY寝具専門店,FBA,CN,"会社名：Baoding Huanshen Trading Co.
電話番号：+8618630220959
オフィス住所：
Room 8012, Block A, Tongmei, No. 899 Chaoyang North Street
Gaokai District, Baoding City, Hebei Province, China
Baoding
Hebei Province
071000
CN
マネージャー：Li Dan",https://www.amazon.co.jp/gp/help/seller/at-a-glance.html/ref=dp_merchant_link?seller=AAZD2Z8DPIQDV,,,,,,,,Y,N,,0.7 キログラム,,200 x 140 x 0 cm,200.00 x 140.00 x 0.00 cm
B09PV3WQ75,サイズ: 130x180cm,商品の寸法:180長さ x 130幅 cm | 色:アイボリー | 材質:ポリ塩化ビニル | サイズ:130x180cm | ブランド:REDREAM,REDREAM,REDREAM すべりどめ シート カーペット マットレス 滑り止めマット 床に傷がつくのを防ぎながら、振動や生活音を和らげるといった効果もあります(約130x180cm),https://www.amazon.co.jp/s?k=REDREAM,https://www.amazon.co.jp/dp/B09PV3WQ75,https://m.media-amazon.com/images/I/91npYWRTZML._AC_US600_.jpg,B09PTVLNTY,ホーム＆キッチン:ラグ・カーテン・ファブリック:ラグ・カーペット・マット:滑り止めシート,ホーム＆キッチン,"6,370","-1,692",-0.36,滑り止めシート,11,610,,"1,036,390",100 ,"169,900 ",4,"1,699.00",,,,143,4.0,4.1,0.66%,318.00,62%,,2022-01-04,938 ,FBA,,10.0,1.0,株式会社リドリム,FBA,JP,"会社名：株式会社リドリム
電話番号：+815068836700
オフィス住所：
新川町２－９－１
越谷市
埼玉県
3430852
JP
マネージャー：青山 清奈",https://www.amazon.co.jp/gp/help/seller/at-a-glance.html/ref=dp_merchant_link?seller=ABCIK6TLMBBXL,,,,,,,,Y,Y,,0.48 キログラム,,34.7 x 25.9 x 3.2 cm,34.70 x 25.90 x 3.20 cm
B0CZ3RBK74,サイズ: ダブル | 色: ブルー,商品の寸法:2長さ x 1.4幅 m | 色:ブルー | 材質:ポリエステル | サイズ:ダブル | ブランド:Sylphease,Sylphease,シルフィーズ ボックスシーツ 厚み30cm ダブル ピーチスキン マットレスカバー ベッドシーツ 140×200×35cm ブルー,https://www.amazon.co.jp/s?k=Sylphease,https://www.amazon.co.jp/dp/B0CZ3RBK74,https://m.media-amazon.com/images/I/715fcQAeQ3L._AC_US600_.jpg,B0CZ3WFCS2,ホーム＆キッチン:寝具:寝具カバー・シーツ:ボックスシーツ,ホーム＆キッチン,"6,600","-2,431",-0.58,ボックスシーツ,57,609,,"1,205,820",,,41,"1,980.00",,,,16,9.0,4.1,1.48%,318.00,69%,,2024-03-25,127 ,FBA,,,1.0,シルフィーズ,FBA,JP,"会社名：株式会社サポート
電話番号：08046108808
オフィス住所：
日本橋箱崎町２５－７
ヤマキビル ７階
中央区
東京都
1030015
JP
マネージャー：福士 英治",https://www.amazon.co.jp/gp/help/seller/at-a-glance.html/ref=dp_merchant_link?seller=A3FP0SJU6AKL7Y,,,,,,,,Y,N,,0.51 キログラム,,200 x 140 x 0 cm,200.00 x 140.00 x 0.00 cm
B0D1SXGR99,色: オレンジ,商品の寸法:48長さ x 46幅 x 72高さ mm | 色:オレンジ | 商品の重量:70 グラム | 材質:プラスチック | ブランド:HARRY'S KITCHEN,HARRY'S KITCHEN,【2024年新型】 NANO PUMP 1 電動エアーポンプ 電動空気入れ 超軽量70g 強力180L/分 USB充電式 空気抜き 浮き輪 プール ボート ベッド マットレス,https://www.amazon.co.jp/s?k=HARRY'S KITCHEN,https://www.amazon.co.jp/dp/B0D1SXGR99,https://m.media-amazon.com/images/I/51zpYnPQgPL._AC_US600_.jpg,B0D1SZ2JK5,スポーツ＆アウトドア:アウトドア:寝袋・ベッド・マット:バッグ・アクセサリ:エアーポンプ:電動エアーポンプ,スポーツ＆アウトドア,"1,993","1,291",0.39,アウトドア用電動エアーポンプ,23,602,,"1,564,598",,,2,"2,599.00",,,,27,12.0,3.8,1.99%,434.00,68%,,2024-04-15,106 ,FBA,,9.0,1.0,ハリーズキッチン HARRY'S KITCHEN,FBA,JP,"会社名：ハリーズキッチン
電話番号：054-209-1156
オフィス住所：
太田町１４－３
横内井越第２ビル１０１
静岡市葵区
静岡県
4200845
JP
マネージャー：篠田 鉄也",https://www.amazon.co.jp/gp/help/seller/at-a-glance.html/ref=dp_merchant_link?seller=A28TVD9AER9XS5,,,,,,,,Y,Y,,70 g,70.00 g,4.8 x 4.6 x 7.1 cm,4.80 x 4.60 x 7.10 cm
B09BD4ZBKD,サイズ: 97x197x10cm | 色: ホワイト,商品の寸法:197長さ x 97幅 x 10厚み cm | 商品の重量:5.4 キログラム | 色:ホワイト | トップスタイル:スムーストップ | 中身の素材:高反発ウレタンフォーム | 特徴:折り畳み式 | サイズ:97x197x10cm | ブランド:AIFY | 対象年齢:大人 | 商品の硬さ:硬い,AIFY,AIFY マットレス シングル 高反発 厚10cm 密度28D 硬さ190N 三つ折り 寝心地が良い 腰痛 抗菌防臭 折りたたみ 軽量 敷布団 メッシュ生地 収納 圧縮梱包 カバー 洗える ホワイト,https://www.amazon.co.jp/s?k=AIFY,https://www.amazon.co.jp/dp/B09BD4ZBKD,https://m.media-amazon.com/images/I/61kAt6Bhj9L._AC_US600_.jpg,B0D8SR87PP,ホーム＆キッチン:寝具:折りたたみマットレス,ホーム＆キッチン,"5,254",-965,-0.22,折りたたみマットレス,30,599,,"4,933,046",,,7,"8,580.00",,5%,,818,11.0,4.0,1.84%,"1,020.00",73%,,2021-07-27,"1,099 ",FBM,,9.0,1.0,AIFY【日本中小企業】,FBM,JP,"会社名：株式会社ガイセンス商事
電話番号：048-816-3772
オフィス住所：
南浦和２丁目３８－６
草野ビル ６０１号室
さいたま市南区
埼玉県
3360017
JP
マネージャー：内田昂希",https://www.amazon.co.jp/gp/help/seller/at-a-glance.html/ref=dp_merchant_link?seller=A3LMWWVLME3RGY,,,,,,,,Y,Y,,5.4 kg,5.40 kg,54.7 x 39.3 x 36.9 cm,54.70 x 39.30 x 36.90 cm
B0CCJ4NF3W,色: グレー・ブラウン,商品の寸法:198長さ x 152幅 x 25厚み cm | 色:グレー・ブラウン | 商品の重量:5.29 キログラム | サイズ:ダブル | ブランド:Kotesoto,Kotesoto,Kotesoto エアーベッド 電動ポンプ内蔵 エアーマット ダブル コンパクト キャンプマット 充電式 電動エアベッド 空気ベッド エアーマットレス キャンプ用 来客用 家庭用 防災用 お昼寝用 耐荷重300kg 198cm×152cm×25cm（グレー・ブラウン）,https://www.amazon.co.jp/s?k=Kotesoto,https://www.amazon.co.jp/dp/B0CCJ4NF3W,https://m.media-amazon.com/images/I/61cXs2TJxsL._AC_US600_.jpg,B0CC2K8KKM,スポーツ＆アウトドア:アウトドア:寝袋・ベッド・マット:エアーマット・エアーベッド,スポーツ＆アウトドア,"2,476",-779,-0.46,アウトドア用エアーマット,22,599,,"6,139,750",100 ,"1,025,000 ",6,"10,250.00",,,,222,48.0,3.8,8.01%,603.00,78%,,2023-07-20,376 ,FBA,,9.0,1.0,HONGDIAN-JP,FBA,CN,"会社名：Guangzhouhongdiandianzishangwuyouxiangongsi
電話番号：+8619988254985
オフィス住所：
鹤龙街黄边一横路1号1栋201B房
广州市
白云区
广东省
510080
CN
マネージャー：wei xie",https://www.amazon.co.jp/gp/help/seller/at-a-glance.html/ref=dp_merchant_link?seller=A3O10J26IWDPR,,,,,,,,Y,Y,,5.29 kg,5.29 kg,198 x 152 x 25 cm,198.00 x 152.00 x 25.00 cm
B0BSFL7RNL,サイズ: シングル,商品の寸法:8.5長さ x 97幅 x 195厚み cm | 商品の重量:8.65 キログラム | 色:ホワイト | 中身の素材:ウレタンフォーム | 特徴:体圧分散/温度調節機能/リバーシブル/カバー洗濯可能 | サイズ:シングル | カバーの素材:ポリエステル、ポリエチレン | ブランド:koala | 対象年齢:大人 | 商品の硬さ:「ふつう」「かため」「ややかため」「しっかりかため」を組み合わせ可能,koala,koala (R) 折り畳みマットレス シングル 【コアラフトン OASIS】洗える 敷布団 寝具 三つ折り 厚さ8.5cm ウレタン 軽い 100N ひんやり 感触 冷却 体圧分散 オールシーズン 120日トライアル期間 メーカー5年保証,https://www.amazon.co.jp/s?k=koala,https://www.amazon.co.jp/dp/B0BSFL7RNL,https://m.media-amazon.com/images/I/31rGjJe+KiL._AC_US600_.jpg,B0BWHCNWYN,ホーム＆キッチン:寝具:折りたたみマットレス,ホーム＆キッチン,"23,069","-9,422",-0.69,折りたたみマットレス,89,593,,"29,590,700",400 ,"19,960,000 ",2,"49,900.00",,,,53,4.0,4.2,0.67%,"1,756.00",81%,,2023-01-15,562 ,FBM,,9.0,1.0,Koala Sleep Japan,FBM,JP,"会社名：Koala Sleep Japan株式会社
電話番号：050-3199-1554
オフィス住所：
神宮前５丁目４３番７号
表参道ＡＲＴ ＷＯＲＫＳ
渋谷区
東京都
1500001
JP
マネージャー：Milly Kuan",https://www.amazon.co.jp/gp/help/seller/at-a-glance.html/ref=dp_merchant_link?seller=A30T8T6U3IDEIJ,,,,,,,,Y,Y,,8.65 kg,8.65 kg,8.5 x 97 x 195 cm,8.50 x 97.00 x 195.00 cm
B0C6144S3L,サイズ: キング 200X200*30cm | 色: アイボリー,色:アイボリー | 素材構成:表面：ピーチスキン加工ポリエステル100% | 材質:ポリエステル、コットン | サイズ:キング 200X200*30cm | パターン:ピュアカラー,Aooka,"【圧倒的な防水性】ボックスシーツ シングル Aooka 防水シーツ シングルサイズ セミダブル ダブル クイーン おねしょシーツ 健康 快眠 防ダニ 抗菌 介護シーツ ベッドシーツ マットレスカバー ベッドカバー ベビー 子供寝汗 OEKO-TEX認証 (キング 200X200*30cm, アイボリー)",https://www.amazon.co.jp/s?k=Aooka,https://www.amazon.co.jp/dp/B0C6144S3L,https://m.media-amazon.com/images/I/71mw8UO+26L._AC_US600_.jpg,B0C614LVVZ,ホーム＆キッチン:寝具:寝具カバー・シーツ:ボックスシーツ,ホーム＆キッチン,"6,644","1,228",0.16,ボックスシーツ,43,589,,"2,153,678",,,24,"3,999.00",,,,53,3.0,3.9,0.51%,815.00,65%,,2023-05-17,440 ,FBA,,9.0,1.0,Aooka,FBA,JP,"会社名：株式会社アオオカ
電話番号：0196138737
オフィス住所：
夕顔瀬町１－３０
盛岡市
岩手県
0200032
JP
マネージャー：木村",https://www.amazon.co.jp/gp/help/seller/at-a-glance.html/ref=dp_merchant_link?seller=A3DNGU625QB7SU,,,,,,,,Y,N,,0.82 キログラム,,200 x 200 x 0 cm,200.00 x 200.00 x 0.00 cm
B0C9CDFTJK,サイズ: 2.セミダブル【硬さ190N 密度25D】 | 色: ネイビー,商品の寸法:195長さ x 120幅 x 10厚み cm | 色:ネイビー | モデル名:HTC02 | サイズ:2.セミダブル【硬さ190N 密度25D】 | ブランド:NERUS | 構造タイプ:高反発ウレタン,NERUS,"NERUS 三つ折り マットレス セミダブル 厚み10cm 高反発 密度25D 硬さ190N 折り畳み パイル メッシュ 洗える カバー (2.セミダブル【硬さ190N 密度25D】, ネイビー)",https://www.amazon.co.jp/s?k=NERUS,https://www.amazon.co.jp/dp/B0C9CDFTJK,https://m.media-amazon.com/images/I/81ng2CM0o4L._AC_US600_.jpg,B0CKVCXP1C,ホーム＆キッチン:寝具:折りたたみマットレス,ホーム＆キッチン,"8,353","-2,199",-0.36,折りたたみマットレス,33,583,,"4,535,740",,,19,"7,780.00",,10%,,67,6.0,4.0,1.03%,,85%,,2023-06-22,404 ,FBM,,,1.0,NERUS公式,FBM,JP,"会社名：恒盛株式会社
オフィス住所：
長野904-1
オフィスパレア基山２ １号室
三養基郡基山町
佐賀県
8410202
JP
マネージャー：TATSUYA YOSHITAKE",https://www.amazon.co.jp/gp/help/seller/at-a-glance.html/ref=dp_merchant_link?seller=A2OJL43LCKSMHL,,,,,,,,Y,N,,,,195 x 120 x 10 cm,195.00 x 120.00 x 10.00 cm
B07ZC7FR6G,サイズ: キング(180x200x30cm) | パターン名: ボックスシーツ | 色: ネイビー,色:ネイビー | 素材構成:ポリエステル | 材質:コットン | サイズ:キング(180x200x30cm) | パターン:ボックスシーツ,チチロバ(Titiroba),【Amazon.co.jp 限定】チチロバ(TITIROBA) ボックスシーツ キング シーツ 超長綿 ベッドカバー 春夏秋3シーズン対応 ベッドシーツ 綿100% マットレスカバー 滑らかな肌触り 無地 毛玉なし マットレスシーツ オールシーズン おしゃれ 防ダニ 抗菌防臭 吸湿性 着脱簡単 丸洗い 180X200cm ネイビー CT-J-5,https://www.amazon.co.jp/s?k=チチロバ(Titiroba),https://www.amazon.co.jp/dp/B07ZC7FR6G,https://m.media-amazon.com/images/I/619jC4L-1qL._AC_US600_.jpg,B09NM6NCR6,ホーム＆キッチン:寝具:寝具カバー・シーツ:ボックスシーツ,ホーム＆キッチン,"6,389",-47,-0.01,枕カバー・ピローケース,30,580,,"1,379,820",,,51,"2,379.00",,,136.0,"2,487",145.0,4.0,25.00%,514.00,63%,,2019-12-06,"1,698 ",,,9.0,1.0,,,,,,,,,,,,,Y,N,,400 g,400.00 g,28 x 38 x 2 cm,28.00 x 38.00 x 2.00 cm
B0BXSBLMQT,サイズ: シングル・100X200cm | 色: グレー,色:グレー | 素材構成:パイル部分綿100％ | 特徴:通気 | サイズ:シングル・100X200cm | ブランド:Tametra Home Bedding,Tametra Home Bedding,Tametra 敷きパッド パッド一体型ボックスシーツ パイル部分綿100％ ベッドカバー ベッドシーツ ベッドマットレス 敷ふとん兼用 オールシーズンで使える タオル地 着脱簡単 抗菌防臭 丸洗いOK 肌ざわりがいい 通気性 (シングル・100X200cm グレー),https://www.amazon.co.jp/s?k=Tametra Home Bedding,https://www.amazon.co.jp/dp/B0BXSBLMQT,https://m.media-amazon.com/images/I/71fUm9t7IWL._AC_US600_.jpg,B0DBC7TR8J,ホーム＆キッチン:寝具:ベッドパッド・敷きパッド,ホーム＆キッチン,"9,294","-4,748",-1.04,ベッドパッド・敷きパッド,97,573,3%,"1,260,731",100 ,"246,000 ",10,"2,460.00",,,,193,4.0,3.8,0.70%,514.00,59%,,2023-03-06,512 ,FBA,,9.0,1.0,Tametra Home Bedding,FBA,CN,"会社名：pingdushinuolaisidianzishangwuyouxiangongsi
電話番号：+8618353297880
オフィス住所：
山东省青岛市平度市凤台街道办事处三城路南
青岛市
平度市
山东省
266705
CN
マネージャー：Shunni Fu",https://www.amazon.co.jp/gp/help/seller/at-a-glance.html/ref=dp_merchant_link?seller=A20H0EBCJR4PPN,,,,,,,,Y,Y,,0.81 キログラム,,28 x 17 x 17 cm,28.00 x 17.00 x 17.00 cm
B09TS7SK98,サイズ: ワイドキング | 色: ライトグレー,"色:ライトグレー | 材質:ポリエステル, シルク, サテン | サイズ:ワイドキング | パターン:無地 | ブランド:yangmian",yangmian,ボックスシーツ サテン ツルツル シルクみたい光沢 マットレスカバー 単品売り 洗える 吸水速乾 厚さ5-27cmのマットレスに適しています (ワイドキング・200×200cm・ライトグレー),https://www.amazon.co.jp/s?k=yangmian,https://www.amazon.co.jp/dp/B09TS7SK98,https://m.media-amazon.com/images/I/619JUAkIGIL._AC_US600_.jpg,B09ZTZN4PR,ホーム＆キッチン:寝具:寝具カバー・シーツ:ボックスシーツ,ホーム＆キッチン,"9,521","-2,185",-0.3,ボックスシーツ,63,550,,"1,484,450",,,27,"2,699.00",,,,257,7.0,3.9,1.27%,514.00,66%,,2022-03-02,881 ,FBM,,8.0,1.0,yangmianjp,FBM,CN,"会社名：shanghaishiyangmianjiafangyouxiangongsi
電話番号：+8615051296917
オフィス住所：
静海新村106幢303室
南通市
海门区
江苏省
226100
CN
マネージャー：yujuan dai",https://www.amazon.co.jp/gp/help/seller/at-a-glance.html/ref=dp_merchant_link?seller=AZWE1246VI7NJ,,,,,,,,Y,Y,,0.53 キログラム,,32 x 24 x 10 cm,32.00 x 24.00 x 10.00 cm
B0C9MH5R6B,,商品の寸法:2.03長さ x 0.99幅 x 0.46厚み m | 耐水レベル:防水 | サイズ:シングル | 重量制限:300 キログラム | ブランド:LUXCOL,LUXCOL,エアーベッド LUXCOL シングルサイズ 203*99*46cm ポンプ内蔵 電動 寝返り保護 枕付き 袋付き 0.65mmPVC 耐荷重300KG エアーマットレス エアーマット 単身赴任 来客用 お昼寝 キャンプ PSE認証取得,https://www.amazon.co.jp/s?k=LUXCOL,https://www.amazon.co.jp/dp/B0C9MH5R6B,https://m.media-amazon.com/images/I/716y3tjTu2L._AC_US600_.jpg,B0D6ZSY97X,スポーツ＆アウトドア:アウトドア:寝袋・ベッド・マット:エアーマット・エアーベッド,スポーツ＆アウトドア,"2,218",467,0.17,アウトドア用エアーマット,14,513,-10%,"4,914,950",400 ,"3,992,000 ",1,"9,980.00",,"￥1,000.00",,279,21.0,3.7,4.09%,603.00,79%,,2023-06-25,401 ,FBA,,9.0,1.0,LUXCOL(ルクスコール),FBA,CN,"会社名：yiwusuyidianzishangwuyouxiangongsi
電話番号：+8618248549827
オフィス住所：
beiyuanjiedao
chunhanlu106haoC3dong302
yiwushi
zhejiangsheng
322015
CN
マネージャー：liuyan",https://www.amazon.co.jp/gp/help/seller/at-a-glance.html/ref=dp_merchant_link?seller=A3M5F4B3VAD9OX,,,,,,,,Y,Y,,6.25 キログラム,,203 x 99 x 46 cm,203.00 x 99.00 x 46.00 cm
B07WWF2GW7,サイズ: ダブル（140*200*5cm） | スタイル: 5cm,"色:ホワイト | 留め具タイプ:ファスナー | 特徴:防臭, 高反発 | サイズ:ダブル（140*200*5cm） | ブランド:Novilla",Novilla,Novilla マットレス ダブル ベッドマット 高反発マットレス 折りたたみマットレス 敷きマットレス ベッドマットレス 敷布団 マットレストッパー ホワイト ダブル 厚さ5cm 硬さ160N 高密度ウレタン 底付き感無し 高通気性 長持ち可能 防臭加工 収納便利 カバー洗える 140×200×5cm 【日本正規輸入品】,https://www.amazon.co.jp/s?k=Novilla,https://www.amazon.co.jp/dp/B07WWF2GW7,https://m.media-amazon.com/images/I/51ojewAIvoL._AC_US600_.jpg,B0BYSF3R67,ホーム＆キッチン:家具:ベッドルーム家具:マットレス・パッド:ベッドマットレス,ホーム＆キッチン,"6,522",525,0.07,ベッドマットレス,21,512,0%,"3,523,067",,,6,"6,880.00",,,31.0,725,16.0,4.1,3.13%,"1,020.00",67%,,2019-08-21,"1,805 ",,,10.0,1.0,Amazon.co.jp,,,,,,,,,,,,Y,N,,7.38 kg,7.38 kg,200 x 140 x 5 cm,200.00 x 140.00 x 5.00 cm
B09NM18CV2,サイズ: シングル | 色: B.ブラウン,"商品の寸法:195長さ x 95幅 x 7厚み cm | 商品の重量:3.3 キログラム | 色:B.ブラウン | 特徴:防カビ, 抗菌, 防臭, 高反発 | 折りたたみ式:いいえ | サイズ:シングル | ブランド:新日本通販ＥＸ | 構造タイプ:フォーム | 対象年齢:大人 | 商品の硬さ:硬い",新日本通販ＥＸ,新日本通販ＥＸ マットレス シングル 日本製 3層式 体圧分散 高反発 極厚 マット 防カビ 抗菌 防臭 硬め 固め 約7cm エアープレス マットレス (ブラウン),https://www.amazon.co.jp/s?k=新日本通販ＥＸ,https://www.amazon.co.jp/dp/B09NM18CV2,https://m.media-amazon.com/images/I/61r-LipFrAL._AC_US600_.jpg,B0D9JD2CS6,ホーム＆キッチン:寝具:折りたたみマットレス,ホーム＆キッチン,"4,235","2,347",0.36,折りたたみマットレス,29,508,21%,"2,021,840",200 ,"796,000 ",7,"3,980.00",,,,833,86.0,4.0,16.93%,,85%,,2021-12-14,959 ,,,10.0,1.0,新日本通販ＥＸ,,JP,"会社名：三和株式会社
電話番号：+819078171777
オフィス住所：
南栗橋１２丁目１１番地２
久喜市
埼玉県
3491117
JP
マネージャー：村田秀一",https://www.amazon.co.jp/gp/help/seller/at-a-glance.html/ref=dp_merchant_link?seller=A1EGG6H3FR21O5,,,,,,,,Y,N,,3.3 kg,3.30 kg,195 x 95 x 7 cm,195.00 x 95.00 x 7.00 cm
B08SBP5D54,サイズ: ダブル・140×200cm | 色: グレー,Pattern:無地 | 色:グレー | 素材構成:ポリエステル | 材質:ポリエステル | サイズ:ダブル・140×200cm,Hotvivid,Hotvivid ボックスシーツ マットレスカバー 吸水速乾 シーツ シングル ベッドシーツ ベッドカバー 洗える オールシーズン,https://www.amazon.co.jp/s?k=Hotvivid,https://www.amazon.co.jp/dp/B08SBP5D54,https://m.media-amazon.com/images/I/61k6SKD1qBL._AC_US600_.jpg,B0CXHWMNQZ,ホーム＆キッチン:寝具:寝具カバー・シーツ:ボックスシーツ,ホーム＆キッチン,"2,289",,,ボックスシーツ,9,506,,"758,494",,,16,"1,499.00","1,889.00",,10.0,"2,226",,4.1,,485.00,53%,,2021-02-25,"1,251 ",FBA,,9.0,1.0,LianRC,FBA,CN,"会社名：dongguanshilianruichengwangluokejiyouxiangongsi
オフィス住所：
高丽六路
6号5栋302室
东莞市
塘厦镇
广东省
523726
CN
マネージャー：Yang Lu",https://www.amazon.co.jp/gp/help/seller/at-a-glance.html/ref=dp_merchant_link?seller=A2J3LCYHBAMTBD,,,,,,,,Y,N,,500 g,500.00 g,200 x 100 x 0 cm,200.00 x 100.00 x 0.00 cm
B0BY1Y4R1X,サイズ: セミダブル_CLBマットセット(マットレスとベッドは別日の配送となる場合がございます) | 色: ナチュラル,色:ナチュラル | 特徴:軽量 | フレームの素材:エンジニアリングウッド | サイズ:セミダブル_CLBマットセット(マットレスとベッドは別日の配送となる場合がございます) | スタイル:スカンジナビアン,株式会社三栄コーポレーション,照明付き コンセント付き 宮付き セミダブル ナチュラル ロータイプ ローベッド マットレス付き マットレスセット 黒マットレス フロアベッド ベット フレーム ベッド 一人暮らし おしゃれ ベッド コンパクト 北欧風,https://www.amazon.co.jp/s?k=株式会社三栄コーポレーション,https://www.amazon.co.jp/dp/B0BY1Y4R1X,https://m.media-amazon.com/images/I/71LKr50VEuL._AC_US600_.jpg,B0BY1YTT7Z,ホーム＆キッチン:家具:ベッドルーム家具:ベッド・ベッドフレーム:フレーム＆マットレスセット,ホーム＆キッチン,"6,229",-819,-0.15,ベッドフレーム,23,503,,"14,234,397",,,85,"27,970.00",,,,76,11.0,3.6,2.19%,,85%,,2023-03-09,509 ,FBM,,9.0,1.0,家具インテリアのMINT,FBM,JP,"会社名：SANYEI CORPORATION
電話番号：05031385704
オフィス住所：
寿４丁目１番２号
三栄寿ビル
台東区
東京都
1110042
JP
マネージャー：西村 光一",https://www.amazon.co.jp/gp/help/seller/at-a-glance.html/ref=dp_merchant_link?seller=A8RPT8SFVGSYO,,,,,,,,Y,N,,22.5 kg,22.50 kg,206.5 x 123 x 38.5 cm,206.50 x 123.00 x 38.50 cm
B0CSYKM4T1,サイズ: セミダブル(120*195*5cm)️ | 色: ホワイト,商品の寸法:195長さ x 120幅 x 5厚み cm | 商品の重量:5.1 キログラム | 色:ホワイト | 中身の素材:高密度フォーム | 特徴:取り外し可能なカバー | サイズ:セミダブル(120*195*5cm)️ | カバーの素材:ポリエステル | ブランド:Youzi | 商品の硬さ:やや柔らかい,Youzi,マットレス セミダブル 厚さ5cm YOUZI 敷布団 高反発 硬さ180N 高密度30D ベットマットレス 圧縮梱包 洗えるカバー 【抗菌防臭加工 腰の悩みから解放 寝返りサポート】 120x195x5cm ホワイト,https://www.amazon.co.jp/s?k=Youzi,https://www.amazon.co.jp/dp/B0CSYKM4T1,https://m.media-amazon.com/images/I/71Inu48BmyL._AC_US600_.jpg,B0CZRKRJQZ,ホーム＆キッチン:寝具:折りたたみマットレス,ホーム＆キッチン,"1,984","1,798",0.48,折りたたみマットレス,10,500,,"5,369,000",50 ,"422,750 ",6,"8,455.00",,,,153,25.0,4.7,5.00%,975.00,73%,,2024-01-22,190 ,FBA,,7.0,1.0,Youzi 公式店,FBA,CN,"会社名：Hubei Xuewen Trading Co., Ltd
電話番号：+8613906625387
オフィス住所：
高新区
发展大道42号602
宜昌市
湖北
443005
CN
マネージャー：Xuewen Xie",https://www.amazon.co.jp/gp/help/seller/at-a-glance.html/ref=dp_merchant_link?seller=A3AW033FOIRQMQ,,,,,,,,Y,Y,,5.1 kg,5.10 kg,195 x 120 x 5 cm,195.00 x 120.00 x 5.00 cm
B0C2P1PP1T,サイズ: 140*200cm | 色: グレー,色:グレー | 素材構成:側生地:コットン100%、裏:ポリエステル100% | 特徴:防水 | サイズ:140*200cm | ブランド:自由スイミン,自由スイミン,防水シーツ ダブル 綿100% 敷きパッド 吸湿通気 蒸れない 防水パッド オールシーズン 四隅ゴムバンド おねしょシーツ 柔らかい 音立たない 看護シーツ 毛玉なし 洗える 速乾 抗菌防臭 マットレスカバー 140*200cm グレー,https://www.amazon.co.jp/s?k=自由スイミン,https://www.amazon.co.jp/dp/B0C2P1PP1T,https://m.media-amazon.com/images/I/41K-Jn213dL._AC_US600_.jpg,B0C2NZVBRG,ホーム＆キッチン:寝具:ベッドパッド・敷きパッド,ホーム＆キッチン,"7,237","1,335",0.16,ベッドパッド・敷きパッド,70,483,,"1,342,740",,,19,"2,780.00",,,,141,5.0,4.1,1.04%,514.00,67%,,2023-05-16,441 ,FBA,,9.0,1.0,ZIYUU,FBA,CN,"会社名：Rumo Home Hangzhou Co.,Ltd.
電話番号：18868947643
オフィス住所：
Yuhang Economic and Technological Development Zone
Hongfeng Road 509 Building NO.1 Room #A101
Hangzhou City Yuhang District
Zhejiang province
311100
CN
マネージャー：Xu xiaogang",https://www.amazon.co.jp/gp/help/seller/at-a-glance.html/ref=dp_merchant_link?seller=AYSFKKTD2PXP,,,,,,,,Y,N,,0.59 キログラム,,200 x 140 x 1 cm,200.00 x 140.00 x 1.00 cm
B07RJMFQJR,色: グレー | サイズ: シングル,"商品の寸法:190長さ x 99幅 x 38厚み cm | 色:グレー | 特徴:簡単な取り付け, 軽量, ポンプ内蔵, 耐荷重300kg、強力電動ポンプ内蔵、 2～4分で簡単に空気を入れ/排出できます。, 折り畳み式 | サイズ:シングル | ブランド:CoolTry",CoolTry,CoolTry 電動エアーベッド シングル サイズ 耐荷重300kg 長さ190×幅99×厚さ38 エアーマットレス キャンプ 電動ポンプ内蔵 高反発 極厚 膨脹式 折り畳み 収納袋付き 寝具,https://www.amazon.co.jp/s?k=CoolTry,https://www.amazon.co.jp/dp/B07RJMFQJR,https://m.media-amazon.com/images/I/61cYPMkV+nL._AC_US600_.jpg,B0CGHG4S2M,スポーツ＆アウトドア:アウトドア:寝袋・ベッド・マット:エアーマット・エアーベッド,スポーツ＆アウトドア,"1,631",728,0.31,エアーマット・エアーベッド,14,475,23%,"4,188,212",200 ,"1,756,000 ",4,"8,780.00","7,999.00",,25.0,"1,869",14.0,3.8,2.95%,603.00,78%,,2019-05-03,"1,915 ",FBA,,9.0,1.0,CoolTry（メーカー直営店）,FBA,CN,"会社名：Shenzhen Qianhaian Technology Co., Ltd.
電話番号：+8618576753233
オフィス住所：
401 Hesheng Mansion Bulong Road No. 633
Bantian Street, Longgang District
Shenzhen, Guangdong Province
518100
CN
マネージャー：Zhihao Yao",https://www.amazon.co.jp/gp/help/seller/at-a-glance.html/ref=dp_merchant_link?seller=A2DZ1IU9PLQCI5,,,,,,,,Y,N,,6.35 kg,6.35 kg,190 x 99 x 38 cm,190.00 x 99.00 x 38.00 cm
B0BSF2K4H2,,商品の推奨用途:タイヤ・プールの空気入れ | 商品の重量:1.93 キログラム | 色:イエロー | 特徴:LEDライト | 電源:電源コード式 | ブランド:AstroAI | 付属コンポーネント:空気入れ | 容量:22 L | 電圧:12 ボルト | スタイル:日本仕様,AstroAI,AstroAI エアーコンプレッサー 電動空気入れ 5 in 1 タイヤ・プール 自動車用 AC/DC給電 150 PSI 自動電源オフ メモリ機能 LEDライト五種類変換ノズル 仏式/米式/英式 全バルブ対応 バイク 自転車 エアマットレス 浮き輪 ボール パドリングプール 空気入れ,https://www.amazon.co.jp/s?k=AstroAI,https://www.amazon.co.jp/dp/B0BSF2K4H2,https://m.media-amazon.com/images/I/71m53LKK2AL._AC_US600_.jpg,B0D5QRX7SL,DIY・工具・ガーデン:電動工具・エア工具:エア工具:エアコンプレッサー,DIY・工具・ガーデン,"3,189",351,0.1,エアコンプレッサー,20,474,,"3,662,252",300 ,"2,399,700 ",1,"7,999.00",,,,"2,217",231.0,4.1,48.73%,514.00,79%,,2023-05-15,442 ,FBA,,10.0,1.0,Fressto,FBA,CN(HK),"会社名：Fressto HongKong Limited
電話番号：8772787624
オフィス住所：
RM 1607 TREND CTR 29-31 CHEUNG LEE ST
CHAI WAN
HONG KONG
999077
HK
マネージャー：ZHUO CHEN",https://www.amazon.co.jp/gp/help/seller/at-a-glance.html/ref=dp_merchant_link?seller=A2IJDBUVDW7A94,,,,,,,,Y,Y,,1.93 kg,1.93 kg,30 x 21.6 x 16.3 cm,30.00 x 21.60 x 16.30 cm
B0CZHPWVV7,サイズ: ファミリー・240x200cm | 色: ベージュ,"色:ベージュ | 素材構成:表裏地：ポリエステル100％（ピーチスキン加工）, 中綿：ポリエステル100％（TEIJIN「帝人」マイティトップⅡ50％使用、抗菌・防臭・防ダニ） | 留め具タイプ:プルオン | サイズ:ファミリー・240x200cm | ブランド:Anminharu",Anminharu,"ベッドパッド TEIJIN(帝人)マイティトップⅡ中綿使用 抗菌・防臭・防ダニ加工 洗える 四隅強化ゴムバンド付き ふんわり 吸湿速乾 ホテル仕様 オールシーズン マットレスパッド ベッドマット (ベージュ, ファミリー・240x200cm)",https://www.amazon.co.jp/s?k=Anminharu,https://www.amazon.co.jp/dp/B0CZHPWVV7,https://m.media-amazon.com/images/I/61C8lVGhI6L._AC_US600_.jpg,B09Q61SQSR,ホーム＆キッチン:寝具:ベッドパッド・敷きパッド,ホーム＆キッチン,"7,619","-2,188",-0.4,ベッドパッド・敷きパッド,88,471,,"2,345,580",,,12,"4,980.00",,,,237,7.0,4.1,1.49%,603.00,73%,,2022-01-10,932 ,FBA,,10.0,1.0,Anminharu JP,FBA,CN,"会社名：Shandong Qingdao Lexiang Textile Co., Ltd
電話番号：+8618854310751
オフィス住所：
2101, jinhuiquan business center, No. 14, Hengshan Road, Hua
QINGDAO
266520
CN
マネージャー：BAN LI LI BAN",https://www.amazon.co.jp/gp/help/seller/at-a-glance.html/ref=dp_merchant_link?seller=A2ZQ7YIMGLG5RC,,,,,,,,Y,N,,2.57 キログラム,,200 x 240 x -0.1 cm,200.00 x 240.00 x 0.00 cm
B09F93FZMF,サイズ: ダブル | 色: アイボリー | スタイル: ボックスシーツ,"色:アイボリー | 素材構成:ポリエステル55%、レーヨン40%、ポリウレタン5% | 材質:レーヨン, ポリエステル, ポリウレタン | サイズ:ダブル | パターン:無地",RECYCO,【Amazon.co.jp 限定】RECYCO ボックスシーツ 吸水速乾 シワなし ワイドダブルとクイーン 厚さ38cmまでのマットレスに対応 マットレスカバー よい耐久性 柔らかな触感 ベッドシーツ のびのび ストレッチ フィットシーツ 着脱簡単 丸洗い アイボリー 大家族 ホテル適用,https://www.amazon.co.jp/s?k=RECYCO,https://www.amazon.co.jp/dp/B09F93FZMF,https://m.media-amazon.com/images/I/71zHypPYfQL._AC_US600_.jpg,B0DBPRB3N1,ホーム＆キッチン:寝具:寝具カバー・シーツ:ボックスシーツ,ホーム＆キッチン,"183,354","-156,645",-5.86,ボックスシーツ,464,469,,"997,595",,,10,"2,288.00",,,,118,0.0,4.0,0.00%,485.00,61%,,2021-09-01,"1,063 ",AMZ,,9.0,1.0,Amazon,AMZ,,,,,,,,,,,Y,Y,,0.77 キログラム,,200 x 170 x 0 cm,200.00 x 170.00 x 0.00 cm
B0899X417R,サイズ: Lサイズ,"商品の寸法:180長さ x 65幅 x 11厚み cm | 商品の重量:4.94 キログラム | 色:グレー | 中身の素材:ウレタンフォーム | 特徴:高反発, 折り畳み式 | サイズ:Lサイズ | ブランド:エムール | 構造タイプ:高反発ウレタンフォーム | 対象年齢:大人 | 商品の硬さ:硬い",エムール,エムール ごろ寝マット 長座布団 Lサイズ コンパクトマットレス 高反発 三つ折り お昼寝マット 車中泊,https://www.amazon.co.jp/s?k=エムール,https://www.amazon.co.jp/dp/B0899X417R,https://m.media-amazon.com/images/I/614vp+sfC1L._AC_US600_.jpg,B08996MVH4,ホーム＆キッチン:寝具:折りたたみマットレス,ホーム＆キッチン,"12,954","-1,116",-0.09,折りたたみマットレス,58,458,92%,"5,489,588",300 ,"3,597,000 ",2,"11,990.00",,,4.0,389,6.0,4.4,1.31%,"1,020.00",76%,,2020-05-27,"1,525 ",FBA,,9.0,2.0,エムール (お急ぎ便対応可※一部不可商品あり),FBA,JP,"会社名：株式会社エムール
電話番号：050-1722-9108
オフィス住所：
１－２５－１２
オリンピック曙町ビル９階
立川市曙町
東京都
1900012
JP
マネージャー：澤田淳司",https://www.amazon.co.jp/gp/help/seller/at-a-glance.html/ref=dp_merchant_link?seller=A33YAR1CI7KVOZ,,,,,,Y,,Y,N,マットレス 60cm幅,4.94 kg,4.94 kg,180 x 65 x 11 cm,180.00 x 65.00 x 11.00 cm
B09MR167C6,サイズ: シングル・100X200cm | 色: ライトピンク,"色:ライトピンク | 素材構成:ポリエステル, 防水フィルム | 材質:ポリエステル | サイズ:シングル・100X200cm | パターン:無地",Sufdari,Sufdari 防水シーツ シングル ボックスシーツ 弾性輪ゴム付き 防水 マットレスカバー ベッドカバー おねしょシーツ ベッドシーツ 柔らかな触感 毛玉なして使いやすいマットレスプロテクター 丸洗い可能 四季適用（ライトピンク・100X200cm),https://www.amazon.co.jp/s?k=Sufdari,https://www.amazon.co.jp/dp/B09MR167C6,https://m.media-amazon.com/images/I/7129rjygnFL._AC_US600_.jpg,B09MR157SB,ホーム＆キッチン:寝具:寝具カバー・シーツ:ボックスシーツ,ホーム＆キッチン,"8,526","2,293",0.21,ボックスシーツ,40,457,,"999,916",,,24,"2,188.00","1,969.00",,,356,10.0,4.2,2.19%,485.00,63%,,2021-11-27,976 ,FBA,,9.0,1.0,JPdaliao,FBA,CN,"会社名：nantongdaliaodianzishangwuyouxiangongsi
電話番号：+8613776935653
オフィス住所：
dieshicun41zu
nantongshihaimenqu
jiangsusheng
226100
CN
マネージャー：wuyongming",https://www.amazon.co.jp/gp/help/seller/at-a-glance.html/ref=dp_merchant_link?seller=A3TVDHHMMN8RMX,,,,,,,,Y,Y,,0.39 キログラム,,200 x 100 x 0 cm,200.00 x 100.00 x 0.00 cm
B079VDV1Z1,サイズ: 洋式3点セット シングル | 色: グレー,色:グレー | サイズ:洋式3点セット シングル | 材質:ポリエステル | パターン:無地 | ブランド:LUCK,LUCK,布団カバー 3点セット シングル 洋式 グレー 寝具カバーセット 掛け布団カバー ボックスシーツ 枕カバー ベッド用 マットレスカバー ベッドシーツ 速乾 おしゃれ シンプル 無地 S,https://www.amazon.co.jp/s?k=LUCK,https://www.amazon.co.jp/dp/B079VDV1Z1,https://m.media-amazon.com/images/I/412FSt+xAdL._AC_US600_.jpg,B07V5DN6N8,ホーム＆キッチン:寝具:寝具カバー・シーツ:寝具カバーセット,ホーム＆キッチン,"7,578","-3,329",-0.78,寝具カバーセット,10,442,,"875,160",,,54,"1,980.00",,,,278,6.0,4.0,1.36%,,85%,,2018-04-25,"2,288 ",FBM,,9.0,1.0,L I F E T I M E,FBM,JP,"会社名：株式会社ラック
電話番号：053-489-4317
オフィス住所：
北島町５３３
浜松市中央区
静岡県
4350041
JP
マネージャー：鈴木 一俊",https://www.amazon.co.jp/gp/help/seller/at-a-glance.html/ref=dp_merchant_link?seller=AKL8OVH7CVIS3,,,,,,,,Y,N,,,,210 x 150 x 25 cm,210.00 x 150.00 x 25.00 cm
B0CR9V1FP4,サイズ: シングル | 色: ネービー,"商品の寸法:2長さ x 1幅 x 0.1厚み m | 商品の重量:4.1 キログラム | 色:ネービー | 中身の素材:高密度フォーム | 特徴:抗菌, プレッシャーリリーフ | サイズ:シングル | ブランド:Topfinel | 商品の硬さ:柔らかい",Topfinel,Topfinel 敷布団 シングル 厚め 敷き布団 高反発 マットレス シングル 腰痛対策 三層構造 しっかり支える 体圧分散 抗菌防臭 ピーチスキン コンパクト 100x200cm ネービー,https://www.amazon.co.jp/s?k=Topfinel,https://www.amazon.co.jp/dp/B0CR9V1FP4,https://m.media-amazon.com/images/I/51cQ1mGwWyL._AC_US600_.jpg,B0D5B258XP,ホーム＆キッチン:寝具:敷きふとん,ホーム＆キッチン,"9,828","10,291",0.51,敷きふとん,9,441,0%,"2,746,054",200 ,"1,376,000 ",9,"6,880.00",,,,45,7.0,4.3,1.59%,975.00,67%,,2024-01-01,211 ,FBA,,9.0,1.0,Top Finel,FBA,CN,"会社名：YongKang City Pufan Trade Co. Ltd.
電話番号：18368683378
オフィス住所：
East Room 102, Floor 21, Jinji Building, HQ Center
Yongkang City,Jinhua
Prefecture,Zhejiang
321300
CN
マネージャー：HU LEI",https://www.amazon.co.jp/gp/help/seller/at-a-glance.html/ref=dp_merchant_link?seller=A3S065SFBED08K,,,,,,,,Y,Y,,4.1 kg,4.10 kg,200 x 100 x 10 cm,200.00 x 100.00 x 10.00 cm
B09996NJ5D,サイズ: ダブル　140*200*30cm | 色: ブルー,商品の寸法:140長さ x 200幅 cm | 色:ブルー | 材質:ポリエステル | サイズ:ダブル 140*200*30cm | パターン:無地,RUIKASI,RUIKASI ボックスシーツ 吸水速乾 マットレスカバー ベッドカバー 抗菌防臭 単品売り 洗える オールシーズン (ダブル 140×200×30cm ブルー）,https://www.amazon.co.jp/s?k=RUIKASI,https://www.amazon.co.jp/dp/B09996NJ5D,https://m.media-amazon.com/images/I/51dhoqjv-PL._AC_US600_.jpg,B09997H51R,ホーム＆キッチン:寝具:寝具カバー・シーツ:ボックスシーツ,ホーム＆キッチン,"12,790",433,0.03,ボックスシーツ,18,435,,"948,300",,,11,"2,180.00",,,,635,8.0,4.2,1.84%,485.00,63%,,2021-07-12,"1,114 ",FBA,,9.0,1.0,RUIKASI JP,FBA,CN,"会社名：Jiangsu Huahongde Technology Development Co.,Ltd.
電話番号：17351678096
オフィス住所：
Huishan Economic Development Zone, Wuxi (Development Zone)
Room 901, South, No. 5 Wisdom Road
Wuxi
Jiangsu
214000
CN
マネージャー：Jiangsu Huahongde Te",https://www.amazon.co.jp/gp/help/seller/at-a-glance.html/ref=dp_merchant_link?seller=A1WAEH4EOULOSB,,,,,,,,Y,N,,0.53 キログラム,,140 x 200 x 0 cm,140.00 x 200.00 x 0.00 cm
B07461DY9J,サイズ: 85スモールシングル(幅85cm) | 色: キナリ,色:キナリ | 素材構成:綿 | 材質:コットン | サイズ:85スモールシングル(幅85cm) | パターン:無地,デイリーコレクション,【デイリーコレクション】 ボックスシーツ 綿100% ゴム留め マットレスカバー 厚型タイプ 85スモールシングル (幅85cm) マチ幅40cm (マットレス厚35cmまで対応) キナリ ベッドカバー ベッドシーツ,https://www.amazon.co.jp/s?k=デイリーコレクション,https://www.amazon.co.jp/dp/B07461DY9J,https://m.media-amazon.com/images/I/41HsUhSnBlL._AC_US600_.jpg,B0747MGV7Y,ホーム＆キッチン:寝具:寝具カバー・シーツ:ボックスシーツ,ホーム＆キッチン,"6,875","-1,023",-0.17,ボックスシーツ,51,434,,"1,093,246",,,58,"2,519.00",,,4.0,222,1.0,4.4,0.23%,,85%,,2017-11-15,"2,449 ",FBM,,9.0,1.0,ベッドアンドマットレス,FBM,JP,"会社名：株式会社ベッドアンドマットレス
電話番号：+81 87-813-4370
オフィス住所：
亀田町４７－２
高松市
香川県
7610323
JP
マネージャー：谷本善一",https://www.amazon.co.jp/gp/help/seller/at-a-glance.html/ref=dp_merchant_link?seller=A1ZEIVHVF0DPUG,,,,,,,,Y,Y,,,,195 x 85 x 0 cm,195.00 x 85.00 x 0.00 cm
B0C6SGRGTK,サイズ: セミダブル | 色: グレー,"商品の寸法:195長さ x 120幅 x 10厚み cm | 色:グレー | 中身の素材:高密度フォーム | 特徴:抗菌, 両面 | サイズ:セミダブル | ブランド:colorsroom | 構造タイプ:ポケットコイル | 商品の硬さ:硬い",colorsroom,マットレス セミダブル 三つ折り 折り畳み 極厚10cm 高反発 210N 25D リバーシブル ニット＆メッシュ 取っ手付き 洗えるカバー 抗菌防臭 体圧分散 程良い硬め 通気 オールシーズン 195×120×10cm グレー,https://www.amazon.co.jp/s?k=colorsroom,https://www.amazon.co.jp/dp/B0C6SGRGTK,https://m.media-amazon.com/images/I/816I2PfHXGL._AC_US600_.jpg,B08V18SYBT,ホーム＆キッチン:寝具:折りたたみマットレス,ホーム＆キッチン,"9,092",-501,-0.06,折りたたみマットレス,47,433,,"4,287,622",,,12,"9,980.00",,,,"2,836",16.0,4.0,3.70%,"1,020.00",74%,,2023-05-30,427 ,FBA,,10.0,1.0,布団と寝具専門店COLORS A,FBA,JP,"会社名：株式会社バリュートレード
電話番号：050-6868-6546
オフィス住所：
築三町１丁目８番地
２Ｆ
名古屋市港区
愛知県
4550044
JP
マネージャー：鍵山 雅孝",https://www.amazon.co.jp/gp/help/seller/at-a-glance.html/ref=dp_merchant_link?seller=A2KXPN1A9K7COY,,,,,,,,Y,Y,,6.21 キログラム,,195 x 120 x 10 cm,195.00 x 120.00 x 10.00 cm
B073GT8VLH,サイズ: キング・180cm幅 | 色: ホワイト,色:ホワイト | 素材構成:綿100 | 材質:コットン | サイズ:キング・180cm幅 | パターン:無地,Colorful.Home,ボックスシーツ キング 180×200×30cm 白 綿100％ ベッドシーツ 平織り マットレスカバー ベット用 防ダニ 抗菌 BOXシーツ ホワイト,https://www.amazon.co.jp/s?k=Colorful.Home,https://www.amazon.co.jp/dp/B073GT8VLH,https://m.media-amazon.com/images/I/511QtSC3TwS._AC_US600_.jpg,B07DSD3MLP,ホーム＆キッチン:寝具:寝具カバー・シーツ:ボックスシーツ,ホーム＆キッチン,"10,427",-203,-0.02,ボックスシーツ,70,432,,"1,503,360",,,95,"3,480.00",,,9.0,974,5.0,4.0,1.16%,514.00,70%,,2017-06-21,"2,596 ",FBA,,9.0,2.0,Colorful home,FBA,CN,"会社名：nantong yuanxue maoyi youxiangongsi
電話番号：18651081808
オフィス住所：
nantongshi gangzhaqu waihuanbeilu 820hao 147shi
nantonggangzhaqu
jiangsusheng
226000
CN
マネージャー：jiangjing",https://www.amazon.co.jp/gp/help/seller/at-a-glance.html/ref=dp_merchant_link?seller=A14ZFK40SCGF1S,,,,,,,,Y,Y,,0.53 キログラム,,200 x 180 x 0 cm,200.00 x 180.00 x 0.00 cm
B0BZY6M7FT,サイズ: セミダブル·120x200x30cm | 色: グレー,色:グレー | 素材構成:オーガニックコットン | 材質:コットン | サイズ:セミダブル·120x200x30cm | パターン:無地,NSNLGSGC,ボックスシーツ セミダブル オーガニックコットン 綿100% 綿洗いざらし ベッドシーツ マットレスカバー BOXシーツ オールシーズン 120×200×3cm 単品売り 防ダニ 全周ゴム付き 洗える 毛玉なし グレー,https://www.amazon.co.jp/s?k=NSNLGSGC,https://www.amazon.co.jp/dp/B0BZY6M7FT,https://m.media-amazon.com/images/I/61WRn+b6JkL._AC_US600_.jpg,B0BZY6S24M,ホーム＆キッチン:寝具:寝具カバー・シーツ:ボックスシーツ,ホーム＆キッチン,"6,238",-438,-0.08,ボックスシーツ,46,422,,"1,257,560",,,15,"2,980.00",,,,83,8.0,4.5,1.90%,485.00,69%,,2023-03-29,489 ,FBA,,,1.0,NSNLGSGC,FBA,CN,"会社名：Nantong Xintuan Household Textile Co;Ltd
電話番号：0927120355
オフィス住所：
40# Chaoyang Road,Kaifa District
2F of the northeast building,Chengqiang Textile
Nantong
Jiangsu
226000
CN
マネージャー：黄铭",https://www.amazon.co.jp/gp/help/seller/at-a-glance.html/ref=dp_merchant_link?seller=A2KMW213PW499P,,,,,,,,Y,N,,0.56 キログラム,,200 x 120 x 0 cm,200.00 x 120.00 x 0.00 cm
B091HYQJ9S,色: グレー,商品の寸法:130長さ x 27幅 x 37厚み cm | 色:グレー | 特徴:旅行用 | サイズ:ワンサイズ | ブランド:YOUTALLY,YOUTALLY,YOUTALLY 車中泊マット 後部座席エアーベッド カーマットレス ギャップパッド 间隙 ベッド 車用ベッド 汎用 簡易ベッド カー用品 車内泊 キャンプ用品 快適空間 仮眠 旅行用 収納袋付 (グレー),https://www.amazon.co.jp/s?k=YOUTALLY,https://www.amazon.co.jp/dp/B091HYQJ9S,https://m.media-amazon.com/images/I/41p6h-f-T7L._AC_US600_.jpg,B09H5XW9M3,車＆バイク:カーアクセサリ:車中泊マット,車＆バイク,524,678,0.56,車中泊マット,1,419,,"963,281",50 ,"114,950 ",11,"2,299.00",,,,286,8.0,3.6,1.91%,514.00,63%,,2021-03-29,"1,219 ",FBA,,9.0,1.0,YOUTALLY (商標登録 第6565623号),FBA,CN,"会社名：Shenzhen Youteli Technology Co., Ltd.
電話番号：+8613148734698
オフィス住所：
longgangqushuijingshequjihualushangshuijingshangyedasha11B02
shenzhenshi
guangdongsheng
518112
CN
マネージャー：chenmiaoshan",https://www.amazon.co.jp/gp/help/seller/at-a-glance.html/ref=dp_merchant_link?seller=A3FPBO0NWE56XV,Y,,,,,,,Y,N,,720 g,720.00 g,130 x 27 x 37 cm,130.00 x 27.00 x 37.00 cm
